<YMTC>
	<Config>
		<DomainConfig>
			<DomainName Key="Amat" Value="Value1"> </DomainName>
			<DomainName Key="XMC" Value="Value2"> </DomainName>
			<DomainName Key="YMTC" Value="Value3"> </DomainName>
		</DomainConfig>
		<ServerConfig>
			<ServerAddress Key="PRODUCT" Value="192.168.150.134;localhost"> </ServerAddress>
			<ServerAddress Key="PIRUN" Value="192.168.150.135"> </ServerAddress>
			<ServerAddress Key="TEST" Value="192.168.150.135"> </ServerAddress>
			<ServerAddress Key="Server2" Value="IP2"> </ServerAddress>
			<ServerAddress Key="Server3" Value="IP3"> </ServerAddress>
			<ServerAddress Key="Server4" Value="IP4"> </ServerAddress>
		</ServerConfig>
		<ResendConfig>
			<StrConfig Key="Service" Value="7909"> </StrConfig>
			<StrConfig Key="Network" Value=""> </StrConfig>
			<StrConfig Key="Daemon" Value="tcp:152.135.85.139:7909"> </StrConfig>
			<StrConfig Key="TargetSubject" Value="YMTCQATEST.R2R.MES.UI"> </StrConfig>
		</ResendConfig>
	</Config>
</YMTC>
