<?xml version="1.0"?>
<ArrayOfStructKeyBlockDataSerialize xmlns:xsi="http://www.w3.org/2001/XMLSchema-instance" xmlns:xsd="http://www.w3.org/2001/XMLSchema">
  <structKeyBlockDataSerialize>
    <KeyBlockInstanceId>0003 - Parse Data--SMSC_R2R_CMP_MAIN_CalcRecipeSettings</KeyBlockInstanceId>
    <SubStrategyName>SMSC_R2R_CMP_MAIN_CalcRecipeSettings</SubStrategyName>
    <InputName>EventName</InputName>
    <InputName>FabName</InputName>
    <InputName>EqpId</InputName>
    <InputName>Area</InputName>
    <InputName>BatchId</InputName>
    <InputName>LotCnt</InputName>
    <InputName>MessageId</InputName>
    <InputName>ExContext</InputName>
    <InputName>TxId</InputName>
    <InputName>XmlString</InputName>
    <InputValue>JobPrep</InputValue>
    <InputValue>SMIC</InputValue>
    <InputValue>EQP_CMP_T016</InputValue>
    <InputValue>CMP</InputValue>
    <InputValue />
    <InputValue>1</InputValue>
    <InputValue>KFP000120181109001</InputValue>
    <InputValue />
    <InputValue>1234</InputValue>
    <InputValue>&amp;lt;eventName&amp;gt;JobPrep&amp;lt;/eventName&amp;gt;&amp;lt;fabName&amp;gt;SMIC&amp;lt;/fabName&amp;gt;&amp;lt;eqpId&amp;gt;EQP_CMP_T016&amp;lt;/eqpId&amp;gt;&amp;lt;area&amp;gt;CMP&amp;lt;/area&amp;gt;&amp;lt;batchId&amp;gt;&amp;lt;/batchId&amp;gt;&amp;lt;lotCnt&amp;gt;1&amp;lt;/lotCnt&amp;gt;&amp;lt;messageId&amp;gt;MSG_CMP_T016&amp;lt;/messageId&amp;gt;&amp;lt;exContext&amp;gt;APCStatus:Disable&amp;lt;/exContext&amp;gt;&amp;lt;lotInfoList&amp;gt;&amp;lt;lotInfo&amp;gt;&amp;lt;lotId&amp;gt;A00003.01&amp;lt;/lotId&amp;gt;&amp;lt;lotType&amp;gt;P&amp;lt;/lotType&amp;gt;&amp;lt;waferQty&amp;gt;6&amp;lt;/waferQty&amp;gt;&amp;lt;motherLot&amp;gt;A00003&amp;lt;/motherLot&amp;gt;&amp;lt;rootLotId&amp;gt;A00003&amp;lt;/rootLotId&amp;gt;&amp;lt;productId&amp;gt;PROD_CMP_T016&amp;lt;/productId&amp;gt;&amp;lt;planId&amp;gt;Plan00-1-1&amp;lt;/planId&amp;gt;&amp;lt;subPlanId&amp;gt;Plan00-1-1-00001&amp;lt;/subPlanId&amp;gt;&amp;lt;stepName&amp;gt;Ox0930&amp;lt;/stepName&amp;gt;&amp;lt;stepSeq&amp;gt;STEP_CMP_T016&amp;lt;/stepSeq&amp;gt;&amp;lt;stage&amp;gt;STAGE_CMP_T016&amp;lt;/stage&amp;gt;&amp;lt;mesRecipe&amp;gt;RECIPE_CMP_T016&amp;lt;/mesRecipe&amp;gt;&amp;lt;mainRecipe&amp;gt;&amp;lt;/mainRecipe&amp;gt;&amp;lt;layerName&amp;gt;&amp;lt;/layerName&amp;gt;&amp;lt;rework&amp;gt;&amp;lt;/rework&amp;gt;&amp;lt;reworkCnt&amp;gt;&amp;lt;/reworkCnt&amp;gt;&amp;lt;chambers&amp;gt;EQP_CMP_T016_A,EQP_CMP_T016_B,EQP_CMP_T016_C,EQP_CMP_T016_D&amp;lt;/chambers&amp;gt;&amp;lt;pilotFlag&amp;gt;Y&amp;lt;/pilotFlag&amp;gt;&amp;lt;runcardFlag&amp;gt;&amp;lt;/runcardFlag&amp;gt;&amp;lt;r2rMode&amp;gt;&amp;lt;/r2rMode&amp;gt;&amp;lt;reticleId&amp;gt;&amp;lt;/reticleId&amp;gt;&amp;lt;waferIds&amp;gt;A00003#01,A00003#02,A00003#03,A00003#04,A00003#05,A00003#06&amp;lt;/waferIds&amp;gt;&amp;lt;slotIds&amp;gt;001,002,003,004,005,006&amp;lt;/slotIds&amp;gt;&amp;lt;paraInfoList&amp;gt;&amp;lt;paraInfo&amp;gt;&amp;lt;paraName&amp;gt;PolishTime&amp;lt;/paraName&amp;gt;&amp;lt;paraValue&amp;gt;12&amp;lt;/paraValue&amp;gt;&amp;lt;/paraInfo&amp;gt;&amp;lt;/paraInfoList&amp;gt;&amp;lt;vidValueInfoList&amp;gt;&amp;lt;vidValueInfo&amp;gt;&amp;lt;vidChannel&amp;gt;732&amp;lt;/vidChannel&amp;gt;&amp;lt;vidValue&amp;gt;12&amp;lt;/vidValue&amp;gt;&amp;lt;/vidValueInfo&amp;gt;&amp;lt;/vidValueInfoList&amp;gt;&amp;lt;lotExContext&amp;gt;PlanID:TestPlan&amp;lt;/lotExContext&amp;gt;&amp;lt;/lotInfo&amp;gt;&amp;lt;/lotInfoList&amp;gt;&amp;lt;batchParaInfo&amp;gt;&amp;lt;mesRecipe&amp;gt;&amp;lt;/mesRecipe&amp;gt;&amp;lt;mainRecipe&amp;gt;&amp;lt;/mainRecipe&amp;gt;&amp;lt;r2rMode&amp;gt;&amp;lt;/r2rMode&amp;gt;&amp;lt;paraInfoList&amp;gt;&amp;lt;paraInfo&amp;gt;&amp;lt;paraName&amp;gt;deptime&amp;lt;/paraName&amp;gt;&amp;lt;paraValue&amp;gt;12&amp;lt;/paraValue&amp;gt;&amp;lt;/paraInfo&amp;gt;&amp;lt;/paraInfoList&amp;gt;&amp;lt;vidValueInfoList&amp;gt;&amp;lt;vidValueInfo&amp;gt;&amp;lt;vidChannel&amp;gt;732&amp;lt;/vidChannel&amp;gt;&amp;lt;vidValue&amp;gt;12&amp;lt;/vidValue&amp;gt;&amp;lt;/vidValueInfo&amp;gt;&amp;lt;/vidValueInfoList&amp;gt;&amp;lt;/batchParaInfo&amp;gt;</InputValue>
    <OutputId>SubStrategyOutput</OutputId>
    <OutputName>Event</OutputName>
    <OutputName>MessageId</OutputName>
    <OutputName>LotId</OutputName>
    <OutputName>MotherLotId</OutputName>
    <OutputName>RootLotId</OutputName>
    <OutputName>FabName</OutputName>
    <OutputName>Area</OutputName>
    <OutputName>Product</OutputName>
    <OutputName>Layer</OutputName>
    <OutputName>Stage</OutputName>
    <OutputName>ProcessStepName</OutputName>
    <OutputName>ProcessStepSeq</OutputName>
    <OutputName>ProcessRecipe</OutputName>
    <OutputName>ReworkCnt</OutputName>
    <OutputName>PilotFlag</OutputName>
    <OutputName>ReworkFlag</OutputName>
    <OutputName>RuncardFlag</OutputName>
    <OutputName>ToolId</OutputName>
    <OutputName>SubEqpIds.1</OutputName>
    <OutputName>SubEqpIds.2</OutputName>
    <OutputName>SubEqpIds.3</OutputName>
    <OutputName>SubEqpIds.4</OutputName>
    <OutputName>WaferIds.1</OutputName>
    <OutputName>WaferIds.2</OutputName>
    <OutputName>WaferIds.3</OutputName>
    <OutputName>WaferIds.4</OutputName>
    <OutputName>WaferIds.5</OutputName>
    <OutputName>WaferIds.6</OutputName>
    <OutputName>SlotIds.1</OutputName>
    <OutputName>SlotIds.2</OutputName>
    <OutputName>SlotIds.3</OutputName>
    <OutputName>SlotIds.4</OutputName>
    <OutputName>SlotIds.5</OutputName>
    <OutputName>SlotIds.6</OutputName>
    <OutputName>ParaNames.1</OutputName>
    <OutputName>ParaValues.1</OutputName>
    <OutputName>VIDChannel.1</OutputName>
    <OutputName>VIDValue.1</OutputName>
    <OutputName>WaferQty</OutputName>
    <OutputValue>JobPrep</OutputValue>
    <OutputValue>KFP000120181109001</OutputValue>
    <OutputValue>A00003.01</OutputValue>
    <OutputValue>A00003</OutputValue>
    <OutputValue>A00003</OutputValue>
    <OutputValue>SMIC</OutputValue>
    <OutputValue>CMP</OutputValue>
    <OutputValue>PROD_CMP_T016</OutputValue>
    <OutputValue />
    <OutputValue>STAGE_CMP_T016</OutputValue>
    <OutputValue>Ox0930</OutputValue>
    <OutputValue>STEP_CMP_T016</OutputValue>
    <OutputValue>PPID_CMP_T016</OutputValue>
    <OutputValue>0</OutputValue>
    <OutputValue>true</OutputValue>
    <OutputValue>false</OutputValue>
    <OutputValue>false</OutputValue>
    <OutputValue>EQP_CMP_T016</OutputValue>
    <OutputValue>EQP_CMP_T016_A</OutputValue>
    <OutputValue>EQP_CMP_T016_B</OutputValue>
    <OutputValue>EQP_CMP_T016_C</OutputValue>
    <OutputValue>EQP_CMP_T016_D</OutputValue>
    <OutputValue>A00003#01</OutputValue>
    <OutputValue>A00003#02</OutputValue>
    <OutputValue>A00003#03</OutputValue>
    <OutputValue>A00003#04</OutputValue>
    <OutputValue>A00003#05</OutputValue>
    <OutputValue>A00003#06</OutputValue>
    <OutputValue>001</OutputValue>
    <OutputValue>002</OutputValue>
    <OutputValue>003</OutputValue>
    <OutputValue>004</OutputValue>
    <OutputValue>005</OutputValue>
    <OutputValue>006</OutputValue>
    <OutputValue>PolishTime</OutputValue>
    <OutputValue>12</OutputValue>
    <OutputValue>732</OutputValue>
    <OutputValue>12</OutputValue>
    <OutputValue>6</OutputValue>
  </structKeyBlockDataSerialize>
  <structKeyBlockDataSerialize>
    <KeyBlockInstanceId>0006 - Read Total Configs--SMSC_R2R_CMP_MAIN_CalcRecipeSettings</KeyBlockInstanceId>
    <SubStrategyName>SMSC_R2R_CMP_MAIN_CalcRecipeSettings</SubStrategyName>
    <InputName>Product</InputName>
    <InputName>ProcessStage</InputName>
    <InputName>ProcessToolId</InputName>
    <InputName>ProcessRecipe</InputName>
    <InputName>CurrentModelGroup</InputName>
    <InputName>ModelGroup.1</InputName>
    <InputName>ModelGroup.2</InputName>
    <InputName>ModelGroup.3</InputName>
    <InputName>ModelGroup.4</InputName>
    <InputName>InputIndex.1</InputName>
    <InputName>InputIndex.2</InputName>
    <InputName>InputIndex.3</InputName>
    <InputName>InputIndex.4</InputName>
    <InputName>InputFixedValue.1</InputName>
    <InputName>InputFixedValue.2</InputName>
    <InputName>InputFixedValue.3</InputName>
    <InputName>InputFixedValue.4</InputName>
    <InputName>InputPMValue.1</InputName>
    <InputName>InputPMValue.2</InputName>
    <InputName>InputPMValue.3</InputName>
    <InputName>InputPMValue.4</InputName>
    <InputName>InputResetValue.1</InputName>
    <InputName>InputResetValue.2</InputName>
    <InputName>InputResetValue.3</InputName>
    <InputName>InputResetValue.4</InputName>
    <InputName>LifeTimeA_CSV.1</InputName>
    <InputName>LifeTimeA_CSV.2</InputName>
    <InputName>LifeTimeA_CSV.3</InputName>
    <InputName>LifeTimeA_CSV.4</InputName>
    <InputName>LifeTimeB_CSV.1</InputName>
    <InputName>LifeTimeB_CSV.2</InputName>
    <InputName>LifeTimeB_CSV.3</InputName>
    <InputName>LifeTimeB_CSV.4</InputName>
    <InputName>LifeTimeC_CSV.1</InputName>
    <InputName>LifeTimeC_CSV.2</InputName>
    <InputName>LifeTimeC_CSV.3</InputName>
    <InputName>LifeTimeC_CSV.4</InputName>
    <InputName>LifeTimeMax_CSV.1</InputName>
    <InputName>LifeTimeMax_CSV.2</InputName>
    <InputName>LifeTimeMax_CSV.3</InputName>
    <InputName>LifeTimeMax_CSV.4</InputName>
    <InputName>LifeTimePeriod_CSV.1</InputName>
    <InputName>LifeTimePeriod_CSV.2</InputName>
    <InputName>LifeTimePeriod_CSV.3</InputName>
    <InputName>LifeTimePeriod_CSV.4</InputName>
    <InputName>VIDIndex_CSV.1</InputName>
    <InputName>VIDIndex_CSV.2</InputName>
    <InputName>VIDIndex_CSV.3</InputName>
    <InputName>VIDIndex_CSV.4</InputName>
    <InputName>FBDeltaMax.1</InputName>
    <InputName>FBDeltaMax.2</InputName>
    <InputName>FBDeltaMax.3</InputName>
    <InputName>FBDeltaMax.4</InputName>
    <InputName>FFDeltaMax.1</InputName>
    <InputName>FFDeltaMax.2</InputName>
    <InputName>FFDeltaMax.3</InputName>
    <InputName>FFDeltaMax.4</InputName>
    <InputName>InputDeadband.1</InputName>
    <InputName>InputDeadband.2</InputName>
    <InputName>InputDeadband.3</InputName>
    <InputName>InputDeadband.4</InputName>
    <InputName>InputMax.1</InputName>
    <InputName>InputMax.2</InputName>
    <InputName>InputMax.3</InputName>
    <InputName>InputMax.4</InputName>
    <InputName>InputMin.1</InputName>
    <InputName>InputMin.2</InputName>
    <InputName>InputMin.3</InputName>
    <InputName>InputMin.4</InputName>
    <InputName>InputParameterName.1</InputName>
    <InputName>InputParameterName.2</InputName>
    <InputName>InputParameterName.3</InputName>
    <InputName>InputParameterName.4</InputName>
    <InputName>InputPrecision.1</InputName>
    <InputName>InputPrecision.2</InputName>
    <InputName>InputPrecision.3</InputName>
    <InputName>InputPrecision.4</InputName>
    <InputName>SlaveInputParameterName_CSV.1</InputName>
    <InputName>SlaveInputParameterName_CSV.2</InputName>
    <InputName>SlaveInputParameterName_CSV.3</InputName>
    <InputName>SlaveInputParameterName_CSV.4</InputName>
    <InputName>SlaveInputParameterOffset_CSV.1</InputName>
    <InputName>SlaveInputParameterOffset_CSV.2</InputName>
    <InputName>SlaveInputParameterOffset_CSV.3</InputName>
    <InputName>SlaveInputParameterOffset_CSV.4</InputName>
    <InputValue>PROD_CMP_T016</InputValue>
    <InputValue>STAGE_CMP_T016</InputValue>
    <InputValue>EQP_CMP_T016</InputValue>
    <InputValue>PPID_CMP_T016</InputValue>
    <InputValue>A</InputValue>
    <InputValue>A</InputValue>
    <InputValue>B</InputValue>
    <InputValue>C</InputValue>
    <InputValue>D</InputValue>
    <InputValue>1</InputValue>
    <InputValue>1</InputValue>
    <InputValue>1</InputValue>
    <InputValue>1</InputValue>
    <InputValue>10</InputValue>
    <InputValue>10</InputValue>
    <InputValue>10</InputValue>
    <InputValue>10</InputValue>
    <InputValue>12</InputValue>
    <InputValue>12</InputValue>
    <InputValue>12</InputValue>
    <InputValue>12</InputValue>
    <InputValue>10</InputValue>
    <InputValue>10</InputValue>
    <InputValue>10</InputValue>
    <InputValue>10</InputValue>
    <InputValue />
    <InputValue />
    <InputValue />
    <InputValue />
    <InputValue />
    <InputValue />
    <InputValue />
    <InputValue />
    <InputValue />
    <InputValue />
    <InputValue />
    <InputValue />
    <InputValue />
    <InputValue />
    <InputValue />
    <InputValue />
    <InputValue />
    <InputValue />
    <InputValue />
    <InputValue />
    <InputValue />
    <InputValue />
    <InputValue />
    <InputValue />
    <InputValue>1</InputValue>
    <InputValue>1</InputValue>
    <InputValue>1</InputValue>
    <InputValue>1</InputValue>
    <InputValue>1</InputValue>
    <InputValue>1</InputValue>
    <InputValue>1</InputValue>
    <InputValue>1</InputValue>
    <InputValue>0</InputValue>
    <InputValue>0</InputValue>
    <InputValue>0</InputValue>
    <InputValue>0</InputValue>
    <InputValue>15</InputValue>
    <InputValue>15</InputValue>
    <InputValue>15</InputValue>
    <InputValue>15</InputValue>
    <InputValue>5</InputValue>
    <InputValue>5</InputValue>
    <InputValue>5</InputValue>
    <InputValue>5</InputValue>
    <InputValue>EB_STEP10_A_PT</InputValue>
    <InputValue>EB_STEP10_B_PT</InputValue>
    <InputValue>EB_STEP10_C_PT</InputValue>
    <InputValue>EB_STEP10_D_PT</InputValue>
    <InputValue>0.1</InputValue>
    <InputValue>0.1</InputValue>
    <InputValue>0.1</InputValue>
    <InputValue>0.1</InputValue>
    <InputValue />
    <InputValue />
    <InputValue />
    <InputValue />
    <InputValue />
    <InputValue />
    <InputValue />
    <InputValue />
    <OutputId>SubStrategyOutput</OutputId>
    <OutputName>ModelGroup.1</OutputName>
    <OutputName>InputIndex.1</OutputName>
    <OutputName>InputFixedValue.1</OutputName>
    <OutputName>InputPMValue.1</OutputName>
    <OutputName>InputResetValue.1</OutputName>
    <OutputName>LifeTimeA_CSV.1</OutputName>
    <OutputName>LifeTimeB_CSV.1</OutputName>
    <OutputName>LifeTimeC_CSV.1</OutputName>
    <OutputName>LifeTimeMax_CSV.1</OutputName>
    <OutputName>LifeTimePeriod_CSV.1</OutputName>
    <OutputName>VIDIndex_CSV.1</OutputName>
    <OutputName>FBDeltaMax.1</OutputName>
    <OutputName>FFDeltaMax.1</OutputName>
    <OutputName>InputDeadband.1</OutputName>
    <OutputName>InputMax.1</OutputName>
    <OutputName>InputMin.1</OutputName>
    <OutputName>InputParameterName.1</OutputName>
    <OutputName>InputPrecision.1</OutputName>
    <OutputName>SlaveInputParameterName_CSV.1</OutputName>
    <OutputName>SlaveInputParameterOffset_CSV.1</OutputName>
    <OutputName>R2RMode</OutputName>
    <OutputName>RecLevel</OutputName>
    <OutputName>FBLevel</OutputName>
    <OutputName>BoundaryValueMaxCountToAbort</OutputName>
    <OutputName>FF</OutputName>
    <OutputName>FFOnOOC</OutputName>
    <OutputName>FFOnOOS</OutputName>
    <OutputName>FBOnOOC</OutputName>
    <OutputName>FBOnOOS</OutputName>
    <OutputName>ForceChildLotFF</OutputName>
    <OutputName>InvalidChildLot</OutputName>
    <OutputName>MaxQueueDays</OutputName>
    <OutputName>OOCMaxCountToAbort</OutputName>
    <OutputName>OOSMaxCountToAbort</OutputName>
    <OutputName>RecVsUsedOOLMaxCountToAbort</OutputName>
    <OutputName>ResetStatesAtPreTargetChange</OutputName>
    <OutputName>ResetStatesAtTargetChange</OutputName>
    <OutputName>StatesDuration</OutputName>
    <OutputName>UseProductContext</OutputName>
    <OutputName>UseRecipeContext</OutputName>
    <OutputName>ControllerQ_CSV</OutputName>
    <OutputName>ControllerR_CSV</OutputName>
    <OutputName>InputSize</OutputName>
    <OutputName>LifeTimeVIDChannel_CSV</OutputName>
    <OutputName>ModelValuesRow01_CSV</OutputName>
    <OutputName>ModelValuesRow02_CSV</OutputName>
    <OutputName>ModelValuesRow03_CSV</OutputName>
    <OutputName>ModelValuesRow04_CSV</OutputName>
    <OutputName>ModelValuesRow05_CSV</OutputName>
    <OutputName>ModelValuesRow06_CSV</OutputName>
    <OutputName>ModelValuesRow07_CSV</OutputName>
    <OutputName>ModelValuesRow08_CSV</OutputName>
    <OutputName>ModelValuesRow09_CSV</OutputName>
    <OutputName>ModelValuesRow10_CSV</OutputName>
    <OutputName>OutputSize</OutputName>
    <OutputName>VIDIndexForPM</OutputName>
    <OutputValue>A</OutputValue>
    <OutputValue>1</OutputValue>
    <OutputValue>10</OutputValue>
    <OutputValue>12</OutputValue>
    <OutputValue>10</OutputValue>
    <OutputValue />
    <OutputValue />
    <OutputValue />
    <OutputValue />
    <OutputValue />
    <OutputValue />
    <OutputValue>1</OutputValue>
    <OutputValue>1</OutputValue>
    <OutputValue>0</OutputValue>
    <OutputValue>15</OutputValue>
    <OutputValue>5</OutputValue>
    <OutputValue>EB_STEP10_A_PT</OutputValue>
    <OutputValue>0.1</OutputValue>
    <OutputValue />
    <OutputValue />
    <OutputValue>Active</OutputValue>
    <OutputValue>WL</OutputValue>
    <OutputValue>W2W</OutputValue>
    <OutputValue>3</OutputValue>
    <OutputValue>true</OutputValue>
    <OutputValue>true</OutputValue>
    <OutputValue>true</OutputValue>
    <OutputValue>false</OutputValue>
    <OutputValue>false</OutputValue>
    <OutputValue>false</OutputValue>
    <OutputValue>false</OutputValue>
    <OutputValue>99999</OutputValue>
    <OutputValue>3</OutputValue>
    <OutputValue>3</OutputValue>
    <OutputValue>3</OutputValue>
    <OutputValue>true</OutputValue>
    <OutputValue>false</OutputValue>
    <OutputValue>30</OutputValue>
    <OutputValue>true</OutputValue>
    <OutputValue>true</OutputValue>
    <OutputValue>50000,50000,50000,50000,50000,50000,50000,50000,50000,50000</OutputValue>
    <OutputValue>1,1,1,1,1,1,1,1,1,1</OutputValue>
    <OutputValue>1</OutputValue>
    <OutputValue />
    <OutputValue>-50,0,0,0,0,0,0,0,0,0</OutputValue>
    <OutputValue>0,1,0,0,0,0,0,0,0,0</OutputValue>
    <OutputValue>0,0,1,0,0,0,0,0,0,0</OutputValue>
    <OutputValue>0,0,0,1,0,0,0,0,0,0</OutputValue>
    <OutputValue>0,0,0,0,1,0,0,0,0,0</OutputValue>
    <OutputValue>0,0,0,0,0,1,0,0,0,0</OutputValue>
    <OutputValue>0,0,0,0,0,0,1,0,0,0</OutputValue>
    <OutputValue>0,0,0,0,0,0,0,1,0,0</OutputValue>
    <OutputValue>0,0,0,0,0,0,0,0,1,0</OutputValue>
    <OutputValue>0,0,0,0,0,0,0,0,0,1</OutputValue>
    <OutputValue>1</OutputValue>
    <OutputValue>1</OutputValue>
  </structKeyBlockDataSerialize>
  <structKeyBlockDataSerialize>
    <KeyBlockInstanceId>0006 - Read Total Configs--SMSC_R2R_CMP_MAIN_CalcRecipeSettings</KeyBlockInstanceId>
    <SubStrategyName>SMSC_R2R_CMP_MAIN_CalcRecipeSettings</SubStrategyName>
    <InputName>Product</InputName>
    <InputName>ProcessStage</InputName>
    <InputName>ProcessToolId</InputName>
    <InputName>ProcessRecipe</InputName>
    <InputName>CurrentModelGroup</InputName>
    <InputName>ModelGroup.1</InputName>
    <InputName>ModelGroup.2</InputName>
    <InputName>ModelGroup.3</InputName>
    <InputName>ModelGroup.4</InputName>
    <InputName>InputIndex.1</InputName>
    <InputName>InputIndex.2</InputName>
    <InputName>InputIndex.3</InputName>
    <InputName>InputIndex.4</InputName>
    <InputName>InputFixedValue.1</InputName>
    <InputName>InputFixedValue.2</InputName>
    <InputName>InputFixedValue.3</InputName>
    <InputName>InputFixedValue.4</InputName>
    <InputName>InputPMValue.1</InputName>
    <InputName>InputPMValue.2</InputName>
    <InputName>InputPMValue.3</InputName>
    <InputName>InputPMValue.4</InputName>
    <InputName>InputResetValue.1</InputName>
    <InputName>InputResetValue.2</InputName>
    <InputName>InputResetValue.3</InputName>
    <InputName>InputResetValue.4</InputName>
    <InputName>LifeTimeA_CSV.1</InputName>
    <InputName>LifeTimeA_CSV.2</InputName>
    <InputName>LifeTimeA_CSV.3</InputName>
    <InputName>LifeTimeA_CSV.4</InputName>
    <InputName>LifeTimeB_CSV.1</InputName>
    <InputName>LifeTimeB_CSV.2</InputName>
    <InputName>LifeTimeB_CSV.3</InputName>
    <InputName>LifeTimeB_CSV.4</InputName>
    <InputName>LifeTimeC_CSV.1</InputName>
    <InputName>LifeTimeC_CSV.2</InputName>
    <InputName>LifeTimeC_CSV.3</InputName>
    <InputName>LifeTimeC_CSV.4</InputName>
    <InputName>LifeTimeMax_CSV.1</InputName>
    <InputName>LifeTimeMax_CSV.2</InputName>
    <InputName>LifeTimeMax_CSV.3</InputName>
    <InputName>LifeTimeMax_CSV.4</InputName>
    <InputName>LifeTimePeriod_CSV.1</InputName>
    <InputName>LifeTimePeriod_CSV.2</InputName>
    <InputName>LifeTimePeriod_CSV.3</InputName>
    <InputName>LifeTimePeriod_CSV.4</InputName>
    <InputName>VIDIndex_CSV.1</InputName>
    <InputName>VIDIndex_CSV.2</InputName>
    <InputName>VIDIndex_CSV.3</InputName>
    <InputName>VIDIndex_CSV.4</InputName>
    <InputName>FBDeltaMax.1</InputName>
    <InputName>FBDeltaMax.2</InputName>
    <InputName>FBDeltaMax.3</InputName>
    <InputName>FBDeltaMax.4</InputName>
    <InputName>FFDeltaMax.1</InputName>
    <InputName>FFDeltaMax.2</InputName>
    <InputName>FFDeltaMax.3</InputName>
    <InputName>FFDeltaMax.4</InputName>
    <InputName>InputDeadband.1</InputName>
    <InputName>InputDeadband.2</InputName>
    <InputName>InputDeadband.3</InputName>
    <InputName>InputDeadband.4</InputName>
    <InputName>InputMax.1</InputName>
    <InputName>InputMax.2</InputName>
    <InputName>InputMax.3</InputName>
    <InputName>InputMax.4</InputName>
    <InputName>InputMin.1</InputName>
    <InputName>InputMin.2</InputName>
    <InputName>InputMin.3</InputName>
    <InputName>InputMin.4</InputName>
    <InputName>InputParameterName.1</InputName>
    <InputName>InputParameterName.2</InputName>
    <InputName>InputParameterName.3</InputName>
    <InputName>InputParameterName.4</InputName>
    <InputName>InputPrecision.1</InputName>
    <InputName>InputPrecision.2</InputName>
    <InputName>InputPrecision.3</InputName>
    <InputName>InputPrecision.4</InputName>
    <InputName>SlaveInputParameterName_CSV.1</InputName>
    <InputName>SlaveInputParameterName_CSV.2</InputName>
    <InputName>SlaveInputParameterName_CSV.3</InputName>
    <InputName>SlaveInputParameterName_CSV.4</InputName>
    <InputName>SlaveInputParameterOffset_CSV.1</InputName>
    <InputName>SlaveInputParameterOffset_CSV.2</InputName>
    <InputName>SlaveInputParameterOffset_CSV.3</InputName>
    <InputName>SlaveInputParameterOffset_CSV.4</InputName>
    <InputValue>PROD_CMP_T016</InputValue>
    <InputValue>STAGE_CMP_T016</InputValue>
    <InputValue>EQP_CMP_T016</InputValue>
    <InputValue>PPID_CMP_T016</InputValue>
    <InputValue>B</InputValue>
    <InputValue>A</InputValue>
    <InputValue>B</InputValue>
    <InputValue>C</InputValue>
    <InputValue>D</InputValue>
    <InputValue>1</InputValue>
    <InputValue>1</InputValue>
    <InputValue>1</InputValue>
    <InputValue>1</InputValue>
    <InputValue>10</InputValue>
    <InputValue>10</InputValue>
    <InputValue>10</InputValue>
    <InputValue>10</InputValue>
    <InputValue>12</InputValue>
    <InputValue>12</InputValue>
    <InputValue>12</InputValue>
    <InputValue>12</InputValue>
    <InputValue>10</InputValue>
    <InputValue>10</InputValue>
    <InputValue>10</InputValue>
    <InputValue>10</InputValue>
    <InputValue />
    <InputValue />
    <InputValue />
    <InputValue />
    <InputValue />
    <InputValue />
    <InputValue />
    <InputValue />
    <InputValue />
    <InputValue />
    <InputValue />
    <InputValue />
    <InputValue />
    <InputValue />
    <InputValue />
    <InputValue />
    <InputValue />
    <InputValue />
    <InputValue />
    <InputValue />
    <InputValue />
    <InputValue />
    <InputValue />
    <InputValue />
    <InputValue>1</InputValue>
    <InputValue>1</InputValue>
    <InputValue>1</InputValue>
    <InputValue>1</InputValue>
    <InputValue>1</InputValue>
    <InputValue>1</InputValue>
    <InputValue>1</InputValue>
    <InputValue>1</InputValue>
    <InputValue>0</InputValue>
    <InputValue>0</InputValue>
    <InputValue>0</InputValue>
    <InputValue>0</InputValue>
    <InputValue>15</InputValue>
    <InputValue>15</InputValue>
    <InputValue>15</InputValue>
    <InputValue>15</InputValue>
    <InputValue>5</InputValue>
    <InputValue>5</InputValue>
    <InputValue>5</InputValue>
    <InputValue>5</InputValue>
    <InputValue>EB_STEP10_A_PT</InputValue>
    <InputValue>EB_STEP10_B_PT</InputValue>
    <InputValue>EB_STEP10_C_PT</InputValue>
    <InputValue>EB_STEP10_D_PT</InputValue>
    <InputValue>0.1</InputValue>
    <InputValue>0.1</InputValue>
    <InputValue>0.1</InputValue>
    <InputValue>0.1</InputValue>
    <InputValue />
    <InputValue />
    <InputValue />
    <InputValue />
    <InputValue />
    <InputValue />
    <InputValue />
    <InputValue />
    <OutputId>SubStrategyOutput</OutputId>
    <OutputName>ModelGroup.1</OutputName>
    <OutputName>InputIndex.1</OutputName>
    <OutputName>InputFixedValue.1</OutputName>
    <OutputName>InputPMValue.1</OutputName>
    <OutputName>InputResetValue.1</OutputName>
    <OutputName>LifeTimeA_CSV.1</OutputName>
    <OutputName>LifeTimeB_CSV.1</OutputName>
    <OutputName>LifeTimeC_CSV.1</OutputName>
    <OutputName>LifeTimeMax_CSV.1</OutputName>
    <OutputName>LifeTimePeriod_CSV.1</OutputName>
    <OutputName>VIDIndex_CSV.1</OutputName>
    <OutputName>FBDeltaMax.1</OutputName>
    <OutputName>FFDeltaMax.1</OutputName>
    <OutputName>InputDeadband.1</OutputName>
    <OutputName>InputMax.1</OutputName>
    <OutputName>InputMin.1</OutputName>
    <OutputName>InputParameterName.1</OutputName>
    <OutputName>InputPrecision.1</OutputName>
    <OutputName>SlaveInputParameterName_CSV.1</OutputName>
    <OutputName>SlaveInputParameterOffset_CSV.1</OutputName>
    <OutputName>R2RMode</OutputName>
    <OutputName>RecLevel</OutputName>
    <OutputName>FBLevel</OutputName>
    <OutputName>BoundaryValueMaxCountToAbort</OutputName>
    <OutputName>FF</OutputName>
    <OutputName>FFOnOOC</OutputName>
    <OutputName>FFOnOOS</OutputName>
    <OutputName>FBOnOOC</OutputName>
    <OutputName>FBOnOOS</OutputName>
    <OutputName>ForceChildLotFF</OutputName>
    <OutputName>InvalidChildLot</OutputName>
    <OutputName>MaxQueueDays</OutputName>
    <OutputName>OOCMaxCountToAbort</OutputName>
    <OutputName>OOSMaxCountToAbort</OutputName>
    <OutputName>RecVsUsedOOLMaxCountToAbort</OutputName>
    <OutputName>ResetStatesAtPreTargetChange</OutputName>
    <OutputName>ResetStatesAtTargetChange</OutputName>
    <OutputName>StatesDuration</OutputName>
    <OutputName>UseProductContext</OutputName>
    <OutputName>UseRecipeContext</OutputName>
    <OutputName>ControllerQ_CSV</OutputName>
    <OutputName>ControllerR_CSV</OutputName>
    <OutputName>InputSize</OutputName>
    <OutputName>LifeTimeVIDChannel_CSV</OutputName>
    <OutputName>ModelValuesRow01_CSV</OutputName>
    <OutputName>ModelValuesRow02_CSV</OutputName>
    <OutputName>ModelValuesRow03_CSV</OutputName>
    <OutputName>ModelValuesRow04_CSV</OutputName>
    <OutputName>ModelValuesRow05_CSV</OutputName>
    <OutputName>ModelValuesRow06_CSV</OutputName>
    <OutputName>ModelValuesRow07_CSV</OutputName>
    <OutputName>ModelValuesRow08_CSV</OutputName>
    <OutputName>ModelValuesRow09_CSV</OutputName>
    <OutputName>ModelValuesRow10_CSV</OutputName>
    <OutputName>OutputSize</OutputName>
    <OutputName>VIDIndexForPM</OutputName>
    <OutputValue>B</OutputValue>
    <OutputValue>1</OutputValue>
    <OutputValue>10</OutputValue>
    <OutputValue>12</OutputValue>
    <OutputValue>10</OutputValue>
    <OutputValue />
    <OutputValue />
    <OutputValue />
    <OutputValue />
    <OutputValue />
    <OutputValue />
    <OutputValue>1</OutputValue>
    <OutputValue>1</OutputValue>
    <OutputValue>0</OutputValue>
    <OutputValue>15</OutputValue>
    <OutputValue>5</OutputValue>
    <OutputValue>EB_STEP10_B_PT</OutputValue>
    <OutputValue>0.1</OutputValue>
    <OutputValue />
    <OutputValue />
    <OutputValue>Active</OutputValue>
    <OutputValue>WL</OutputValue>
    <OutputValue>W2W</OutputValue>
    <OutputValue>3</OutputValue>
    <OutputValue>true</OutputValue>
    <OutputValue>true</OutputValue>
    <OutputValue>true</OutputValue>
    <OutputValue>false</OutputValue>
    <OutputValue>false</OutputValue>
    <OutputValue>false</OutputValue>
    <OutputValue>false</OutputValue>
    <OutputValue>99999</OutputValue>
    <OutputValue>3</OutputValue>
    <OutputValue>3</OutputValue>
    <OutputValue>3</OutputValue>
    <OutputValue>true</OutputValue>
    <OutputValue>false</OutputValue>
    <OutputValue>30</OutputValue>
    <OutputValue>true</OutputValue>
    <OutputValue>true</OutputValue>
    <OutputValue>50000,50000,50000,50000,50000,50000,50000,50000,50000,50000</OutputValue>
    <OutputValue>1,1,1,1,1,1,1,1,1,1</OutputValue>
    <OutputValue>1</OutputValue>
    <OutputValue />
    <OutputValue>-50,0,0,0,0,0,0,0,0,0</OutputValue>
    <OutputValue>0,1,0,0,0,0,0,0,0,0</OutputValue>
    <OutputValue>0,0,1,0,0,0,0,0,0,0</OutputValue>
    <OutputValue>0,0,0,1,0,0,0,0,0,0</OutputValue>
    <OutputValue>0,0,0,0,1,0,0,0,0,0</OutputValue>
    <OutputValue>0,0,0,0,0,1,0,0,0,0</OutputValue>
    <OutputValue>0,0,0,0,0,0,1,0,0,0</OutputValue>
    <OutputValue>0,0,0,0,0,0,0,1,0,0</OutputValue>
    <OutputValue>0,0,0,0,0,0,0,0,1,0</OutputValue>
    <OutputValue>0,0,0,0,0,0,0,0,0,1</OutputValue>
    <OutputValue>1</OutputValue>
    <OutputValue>1</OutputValue>
  </structKeyBlockDataSerialize>
  <structKeyBlockDataSerialize>
    <KeyBlockInstanceId>0006 - Read Total Configs--SMSC_R2R_CMP_MAIN_CalcRecipeSettings</KeyBlockInstanceId>
    <SubStrategyName>SMSC_R2R_CMP_MAIN_CalcRecipeSettings</SubStrategyName>
    <InputName>Product</InputName>
    <InputName>ProcessStage</InputName>
    <InputName>ProcessToolId</InputName>
    <InputName>ProcessRecipe</InputName>
    <InputName>CurrentModelGroup</InputName>
    <InputName>ModelGroup.1</InputName>
    <InputName>ModelGroup.2</InputName>
    <InputName>ModelGroup.3</InputName>
    <InputName>ModelGroup.4</InputName>
    <InputName>InputIndex.1</InputName>
    <InputName>InputIndex.2</InputName>
    <InputName>InputIndex.3</InputName>
    <InputName>InputIndex.4</InputName>
    <InputName>InputFixedValue.1</InputName>
    <InputName>InputFixedValue.2</InputName>
    <InputName>InputFixedValue.3</InputName>
    <InputName>InputFixedValue.4</InputName>
    <InputName>InputPMValue.1</InputName>
    <InputName>InputPMValue.2</InputName>
    <InputName>InputPMValue.3</InputName>
    <InputName>InputPMValue.4</InputName>
    <InputName>InputResetValue.1</InputName>
    <InputName>InputResetValue.2</InputName>
    <InputName>InputResetValue.3</InputName>
    <InputName>InputResetValue.4</InputName>
    <InputName>LifeTimeA_CSV.1</InputName>
    <InputName>LifeTimeA_CSV.2</InputName>
    <InputName>LifeTimeA_CSV.3</InputName>
    <InputName>LifeTimeA_CSV.4</InputName>
    <InputName>LifeTimeB_CSV.1</InputName>
    <InputName>LifeTimeB_CSV.2</InputName>
    <InputName>LifeTimeB_CSV.3</InputName>
    <InputName>LifeTimeB_CSV.4</InputName>
    <InputName>LifeTimeC_CSV.1</InputName>
    <InputName>LifeTimeC_CSV.2</InputName>
    <InputName>LifeTimeC_CSV.3</InputName>
    <InputName>LifeTimeC_CSV.4</InputName>
    <InputName>LifeTimeMax_CSV.1</InputName>
    <InputName>LifeTimeMax_CSV.2</InputName>
    <InputName>LifeTimeMax_CSV.3</InputName>
    <InputName>LifeTimeMax_CSV.4</InputName>
    <InputName>LifeTimePeriod_CSV.1</InputName>
    <InputName>LifeTimePeriod_CSV.2</InputName>
    <InputName>LifeTimePeriod_CSV.3</InputName>
    <InputName>LifeTimePeriod_CSV.4</InputName>
    <InputName>VIDIndex_CSV.1</InputName>
    <InputName>VIDIndex_CSV.2</InputName>
    <InputName>VIDIndex_CSV.3</InputName>
    <InputName>VIDIndex_CSV.4</InputName>
    <InputName>FBDeltaMax.1</InputName>
    <InputName>FBDeltaMax.2</InputName>
    <InputName>FBDeltaMax.3</InputName>
    <InputName>FBDeltaMax.4</InputName>
    <InputName>FFDeltaMax.1</InputName>
    <InputName>FFDeltaMax.2</InputName>
    <InputName>FFDeltaMax.3</InputName>
    <InputName>FFDeltaMax.4</InputName>
    <InputName>InputDeadband.1</InputName>
    <InputName>InputDeadband.2</InputName>
    <InputName>InputDeadband.3</InputName>
    <InputName>InputDeadband.4</InputName>
    <InputName>InputMax.1</InputName>
    <InputName>InputMax.2</InputName>
    <InputName>InputMax.3</InputName>
    <InputName>InputMax.4</InputName>
    <InputName>InputMin.1</InputName>
    <InputName>InputMin.2</InputName>
    <InputName>InputMin.3</InputName>
    <InputName>InputMin.4</InputName>
    <InputName>InputParameterName.1</InputName>
    <InputName>InputParameterName.2</InputName>
    <InputName>InputParameterName.3</InputName>
    <InputName>InputParameterName.4</InputName>
    <InputName>InputPrecision.1</InputName>
    <InputName>InputPrecision.2</InputName>
    <InputName>InputPrecision.3</InputName>
    <InputName>InputPrecision.4</InputName>
    <InputName>SlaveInputParameterName_CSV.1</InputName>
    <InputName>SlaveInputParameterName_CSV.2</InputName>
    <InputName>SlaveInputParameterName_CSV.3</InputName>
    <InputName>SlaveInputParameterName_CSV.4</InputName>
    <InputName>SlaveInputParameterOffset_CSV.1</InputName>
    <InputName>SlaveInputParameterOffset_CSV.2</InputName>
    <InputName>SlaveInputParameterOffset_CSV.3</InputName>
    <InputName>SlaveInputParameterOffset_CSV.4</InputName>
    <InputValue>PROD_CMP_T016</InputValue>
    <InputValue>STAGE_CMP_T016</InputValue>
    <InputValue>EQP_CMP_T016</InputValue>
    <InputValue>PPID_CMP_T016</InputValue>
    <InputValue>C</InputValue>
    <InputValue>A</InputValue>
    <InputValue>B</InputValue>
    <InputValue>C</InputValue>
    <InputValue>D</InputValue>
    <InputValue>1</InputValue>
    <InputValue>1</InputValue>
    <InputValue>1</InputValue>
    <InputValue>1</InputValue>
    <InputValue>10</InputValue>
    <InputValue>10</InputValue>
    <InputValue>10</InputValue>
    <InputValue>10</InputValue>
    <InputValue>12</InputValue>
    <InputValue>12</InputValue>
    <InputValue>12</InputValue>
    <InputValue>12</InputValue>
    <InputValue>10</InputValue>
    <InputValue>10</InputValue>
    <InputValue>10</InputValue>
    <InputValue>10</InputValue>
    <InputValue />
    <InputValue />
    <InputValue />
    <InputValue />
    <InputValue />
    <InputValue />
    <InputValue />
    <InputValue />
    <InputValue />
    <InputValue />
    <InputValue />
    <InputValue />
    <InputValue />
    <InputValue />
    <InputValue />
    <InputValue />
    <InputValue />
    <InputValue />
    <InputValue />
    <InputValue />
    <InputValue />
    <InputValue />
    <InputValue />
    <InputValue />
    <InputValue>1</InputValue>
    <InputValue>1</InputValue>
    <InputValue>1</InputValue>
    <InputValue>1</InputValue>
    <InputValue>1</InputValue>
    <InputValue>1</InputValue>
    <InputValue>1</InputValue>
    <InputValue>1</InputValue>
    <InputValue>0</InputValue>
    <InputValue>0</InputValue>
    <InputValue>0</InputValue>
    <InputValue>0</InputValue>
    <InputValue>15</InputValue>
    <InputValue>15</InputValue>
    <InputValue>15</InputValue>
    <InputValue>15</InputValue>
    <InputValue>5</InputValue>
    <InputValue>5</InputValue>
    <InputValue>5</InputValue>
    <InputValue>5</InputValue>
    <InputValue>EB_STEP10_A_PT</InputValue>
    <InputValue>EB_STEP10_B_PT</InputValue>
    <InputValue>EB_STEP10_C_PT</InputValue>
    <InputValue>EB_STEP10_D_PT</InputValue>
    <InputValue>0.1</InputValue>
    <InputValue>0.1</InputValue>
    <InputValue>0.1</InputValue>
    <InputValue>0.1</InputValue>
    <InputValue />
    <InputValue />
    <InputValue />
    <InputValue />
    <InputValue />
    <InputValue />
    <InputValue />
    <InputValue />
    <OutputId>SubStrategyOutput</OutputId>
    <OutputName>ModelGroup.1</OutputName>
    <OutputName>InputIndex.1</OutputName>
    <OutputName>InputFixedValue.1</OutputName>
    <OutputName>InputPMValue.1</OutputName>
    <OutputName>InputResetValue.1</OutputName>
    <OutputName>LifeTimeA_CSV.1</OutputName>
    <OutputName>LifeTimeB_CSV.1</OutputName>
    <OutputName>LifeTimeC_CSV.1</OutputName>
    <OutputName>LifeTimeMax_CSV.1</OutputName>
    <OutputName>LifeTimePeriod_CSV.1</OutputName>
    <OutputName>VIDIndex_CSV.1</OutputName>
    <OutputName>FBDeltaMax.1</OutputName>
    <OutputName>FFDeltaMax.1</OutputName>
    <OutputName>InputDeadband.1</OutputName>
    <OutputName>InputMax.1</OutputName>
    <OutputName>InputMin.1</OutputName>
    <OutputName>InputParameterName.1</OutputName>
    <OutputName>InputPrecision.1</OutputName>
    <OutputName>SlaveInputParameterName_CSV.1</OutputName>
    <OutputName>SlaveInputParameterOffset_CSV.1</OutputName>
    <OutputName>R2RMode</OutputName>
    <OutputName>RecLevel</OutputName>
    <OutputName>FBLevel</OutputName>
    <OutputName>BoundaryValueMaxCountToAbort</OutputName>
    <OutputName>FF</OutputName>
    <OutputName>FFOnOOC</OutputName>
    <OutputName>FFOnOOS</OutputName>
    <OutputName>FBOnOOC</OutputName>
    <OutputName>FBOnOOS</OutputName>
    <OutputName>ForceChildLotFF</OutputName>
    <OutputName>InvalidChildLot</OutputName>
    <OutputName>MaxQueueDays</OutputName>
    <OutputName>OOCMaxCountToAbort</OutputName>
    <OutputName>OOSMaxCountToAbort</OutputName>
    <OutputName>RecVsUsedOOLMaxCountToAbort</OutputName>
    <OutputName>ResetStatesAtPreTargetChange</OutputName>
    <OutputName>ResetStatesAtTargetChange</OutputName>
    <OutputName>StatesDuration</OutputName>
    <OutputName>UseProductContext</OutputName>
    <OutputName>UseRecipeContext</OutputName>
    <OutputName>ControllerQ_CSV</OutputName>
    <OutputName>ControllerR_CSV</OutputName>
    <OutputName>InputSize</OutputName>
    <OutputName>LifeTimeVIDChannel_CSV</OutputName>
    <OutputName>ModelValuesRow01_CSV</OutputName>
    <OutputName>ModelValuesRow02_CSV</OutputName>
    <OutputName>ModelValuesRow03_CSV</OutputName>
    <OutputName>ModelValuesRow04_CSV</OutputName>
    <OutputName>ModelValuesRow05_CSV</OutputName>
    <OutputName>ModelValuesRow06_CSV</OutputName>
    <OutputName>ModelValuesRow07_CSV</OutputName>
    <OutputName>ModelValuesRow08_CSV</OutputName>
    <OutputName>ModelValuesRow09_CSV</OutputName>
    <OutputName>ModelValuesRow10_CSV</OutputName>
    <OutputName>OutputSize</OutputName>
    <OutputName>VIDIndexForPM</OutputName>
    <OutputValue>C</OutputValue>
    <OutputValue>1</OutputValue>
    <OutputValue>10</OutputValue>
    <OutputValue>12</OutputValue>
    <OutputValue>10</OutputValue>
    <OutputValue />
    <OutputValue />
    <OutputValue />
    <OutputValue />
    <OutputValue />
    <OutputValue />
    <OutputValue>1</OutputValue>
    <OutputValue>1</OutputValue>
    <OutputValue>0</OutputValue>
    <OutputValue>15</OutputValue>
    <OutputValue>5</OutputValue>
    <OutputValue>EB_STEP10_C_PT</OutputValue>
    <OutputValue>0.1</OutputValue>
    <OutputValue />
    <OutputValue />
    <OutputValue>Active</OutputValue>
    <OutputValue>WL</OutputValue>
    <OutputValue>W2W</OutputValue>
    <OutputValue>3</OutputValue>
    <OutputValue>true</OutputValue>
    <OutputValue>true</OutputValue>
    <OutputValue>true</OutputValue>
    <OutputValue>false</OutputValue>
    <OutputValue>false</OutputValue>
    <OutputValue>false</OutputValue>
    <OutputValue>false</OutputValue>
    <OutputValue>99999</OutputValue>
    <OutputValue>3</OutputValue>
    <OutputValue>3</OutputValue>
    <OutputValue>3</OutputValue>
    <OutputValue>true</OutputValue>
    <OutputValue>false</OutputValue>
    <OutputValue>30</OutputValue>
    <OutputValue>true</OutputValue>
    <OutputValue>true</OutputValue>
    <OutputValue>50000,50000,50000,50000,50000,50000,50000,50000,50000,50000</OutputValue>
    <OutputValue>1,1,1,1,1,1,1,1,1,1</OutputValue>
    <OutputValue>1</OutputValue>
    <OutputValue />
    <OutputValue>-50,0,0,0,0,0,0,0,0,0</OutputValue>
    <OutputValue>0,1,0,0,0,0,0,0,0,0</OutputValue>
    <OutputValue>0,0,1,0,0,0,0,0,0,0</OutputValue>
    <OutputValue>0,0,0,1,0,0,0,0,0,0</OutputValue>
    <OutputValue>0,0,0,0,1,0,0,0,0,0</OutputValue>
    <OutputValue>0,0,0,0,0,1,0,0,0,0</OutputValue>
    <OutputValue>0,0,0,0,0,0,1,0,0,0</OutputValue>
    <OutputValue>0,0,0,0,0,0,0,1,0,0</OutputValue>
    <OutputValue>0,0,0,0,0,0,0,0,1,0</OutputValue>
    <OutputValue>0,0,0,0,0,0,0,0,0,1</OutputValue>
    <OutputValue>1</OutputValue>
    <OutputValue>1</OutputValue>
  </structKeyBlockDataSerialize>
  <structKeyBlockDataSerialize>
    <KeyBlockInstanceId>0006 - Read Total Configs--SMSC_R2R_CMP_MAIN_CalcRecipeSettings</KeyBlockInstanceId>
    <SubStrategyName>SMSC_R2R_CMP_MAIN_CalcRecipeSettings</SubStrategyName>
    <InputName>Product</InputName>
    <InputName>ProcessStage</InputName>
    <InputName>ProcessToolId</InputName>
    <InputName>ProcessRecipe</InputName>
    <InputName>CurrentModelGroup</InputName>
    <InputName>ModelGroup.1</InputName>
    <InputName>ModelGroup.2</InputName>
    <InputName>ModelGroup.3</InputName>
    <InputName>ModelGroup.4</InputName>
    <InputName>InputIndex.1</InputName>
    <InputName>InputIndex.2</InputName>
    <InputName>InputIndex.3</InputName>
    <InputName>InputIndex.4</InputName>
    <InputName>InputFixedValue.1</InputName>
    <InputName>InputFixedValue.2</InputName>
    <InputName>InputFixedValue.3</InputName>
    <InputName>InputFixedValue.4</InputName>
    <InputName>InputPMValue.1</InputName>
    <InputName>InputPMValue.2</InputName>
    <InputName>InputPMValue.3</InputName>
    <InputName>InputPMValue.4</InputName>
    <InputName>InputResetValue.1</InputName>
    <InputName>InputResetValue.2</InputName>
    <InputName>InputResetValue.3</InputName>
    <InputName>InputResetValue.4</InputName>
    <InputName>LifeTimeA_CSV.1</InputName>
    <InputName>LifeTimeA_CSV.2</InputName>
    <InputName>LifeTimeA_CSV.3</InputName>
    <InputName>LifeTimeA_CSV.4</InputName>
    <InputName>LifeTimeB_CSV.1</InputName>
    <InputName>LifeTimeB_CSV.2</InputName>
    <InputName>LifeTimeB_CSV.3</InputName>
    <InputName>LifeTimeB_CSV.4</InputName>
    <InputName>LifeTimeC_CSV.1</InputName>
    <InputName>LifeTimeC_CSV.2</InputName>
    <InputName>LifeTimeC_CSV.3</InputName>
    <InputName>LifeTimeC_CSV.4</InputName>
    <InputName>LifeTimeMax_CSV.1</InputName>
    <InputName>LifeTimeMax_CSV.2</InputName>
    <InputName>LifeTimeMax_CSV.3</InputName>
    <InputName>LifeTimeMax_CSV.4</InputName>
    <InputName>LifeTimePeriod_CSV.1</InputName>
    <InputName>LifeTimePeriod_CSV.2</InputName>
    <InputName>LifeTimePeriod_CSV.3</InputName>
    <InputName>LifeTimePeriod_CSV.4</InputName>
    <InputName>VIDIndex_CSV.1</InputName>
    <InputName>VIDIndex_CSV.2</InputName>
    <InputName>VIDIndex_CSV.3</InputName>
    <InputName>VIDIndex_CSV.4</InputName>
    <InputName>FBDeltaMax.1</InputName>
    <InputName>FBDeltaMax.2</InputName>
    <InputName>FBDeltaMax.3</InputName>
    <InputName>FBDeltaMax.4</InputName>
    <InputName>FFDeltaMax.1</InputName>
    <InputName>FFDeltaMax.2</InputName>
    <InputName>FFDeltaMax.3</InputName>
    <InputName>FFDeltaMax.4</InputName>
    <InputName>InputDeadband.1</InputName>
    <InputName>InputDeadband.2</InputName>
    <InputName>InputDeadband.3</InputName>
    <InputName>InputDeadband.4</InputName>
    <InputName>InputMax.1</InputName>
    <InputName>InputMax.2</InputName>
    <InputName>InputMax.3</InputName>
    <InputName>InputMax.4</InputName>
    <InputName>InputMin.1</InputName>
    <InputName>InputMin.2</InputName>
    <InputName>InputMin.3</InputName>
    <InputName>InputMin.4</InputName>
    <InputName>InputParameterName.1</InputName>
    <InputName>InputParameterName.2</InputName>
    <InputName>InputParameterName.3</InputName>
    <InputName>InputParameterName.4</InputName>
    <InputName>InputPrecision.1</InputName>
    <InputName>InputPrecision.2</InputName>
    <InputName>InputPrecision.3</InputName>
    <InputName>InputPrecision.4</InputName>
    <InputName>SlaveInputParameterName_CSV.1</InputName>
    <InputName>SlaveInputParameterName_CSV.2</InputName>
    <InputName>SlaveInputParameterName_CSV.3</InputName>
    <InputName>SlaveInputParameterName_CSV.4</InputName>
    <InputName>SlaveInputParameterOffset_CSV.1</InputName>
    <InputName>SlaveInputParameterOffset_CSV.2</InputName>
    <InputName>SlaveInputParameterOffset_CSV.3</InputName>
    <InputName>SlaveInputParameterOffset_CSV.4</InputName>
    <InputValue>PROD_CMP_T016</InputValue>
    <InputValue>STAGE_CMP_T016</InputValue>
    <InputValue>EQP_CMP_T016</InputValue>
    <InputValue>PPID_CMP_T016</InputValue>
    <InputValue>D</InputValue>
    <InputValue>A</InputValue>
    <InputValue>B</InputValue>
    <InputValue>C</InputValue>
    <InputValue>D</InputValue>
    <InputValue>1</InputValue>
    <InputValue>1</InputValue>
    <InputValue>1</InputValue>
    <InputValue>1</InputValue>
    <InputValue>10</InputValue>
    <InputValue>10</InputValue>
    <InputValue>10</InputValue>
    <InputValue>10</InputValue>
    <InputValue>12</InputValue>
    <InputValue>12</InputValue>
    <InputValue>12</InputValue>
    <InputValue>12</InputValue>
    <InputValue>10</InputValue>
    <InputValue>10</InputValue>
    <InputValue>10</InputValue>
    <InputValue>10</InputValue>
    <InputValue />
    <InputValue />
    <InputValue />
    <InputValue />
    <InputValue />
    <InputValue />
    <InputValue />
    <InputValue />
    <InputValue />
    <InputValue />
    <InputValue />
    <InputValue />
    <InputValue />
    <InputValue />
    <InputValue />
    <InputValue />
    <InputValue />
    <InputValue />
    <InputValue />
    <InputValue />
    <InputValue />
    <InputValue />
    <InputValue />
    <InputValue />
    <InputValue>1</InputValue>
    <InputValue>1</InputValue>
    <InputValue>1</InputValue>
    <InputValue>1</InputValue>
    <InputValue>1</InputValue>
    <InputValue>1</InputValue>
    <InputValue>1</InputValue>
    <InputValue>1</InputValue>
    <InputValue>0</InputValue>
    <InputValue>0</InputValue>
    <InputValue>0</InputValue>
    <InputValue>0</InputValue>
    <InputValue>15</InputValue>
    <InputValue>15</InputValue>
    <InputValue>15</InputValue>
    <InputValue>15</InputValue>
    <InputValue>5</InputValue>
    <InputValue>5</InputValue>
    <InputValue>5</InputValue>
    <InputValue>5</InputValue>
    <InputValue>EB_STEP10_A_PT</InputValue>
    <InputValue>EB_STEP10_B_PT</InputValue>
    <InputValue>EB_STEP10_C_PT</InputValue>
    <InputValue>EB_STEP10_D_PT</InputValue>
    <InputValue>0.1</InputValue>
    <InputValue>0.1</InputValue>
    <InputValue>0.1</InputValue>
    <InputValue>0.1</InputValue>
    <InputValue />
    <InputValue />
    <InputValue />
    <InputValue />
    <InputValue />
    <InputValue />
    <InputValue />
    <InputValue />
    <OutputId>SubStrategyOutput</OutputId>
    <OutputName>ModelGroup.1</OutputName>
    <OutputName>InputIndex.1</OutputName>
    <OutputName>InputFixedValue.1</OutputName>
    <OutputName>InputPMValue.1</OutputName>
    <OutputName>InputResetValue.1</OutputName>
    <OutputName>LifeTimeA_CSV.1</OutputName>
    <OutputName>LifeTimeB_CSV.1</OutputName>
    <OutputName>LifeTimeC_CSV.1</OutputName>
    <OutputName>LifeTimeMax_CSV.1</OutputName>
    <OutputName>LifeTimePeriod_CSV.1</OutputName>
    <OutputName>VIDIndex_CSV.1</OutputName>
    <OutputName>FBDeltaMax.1</OutputName>
    <OutputName>FFDeltaMax.1</OutputName>
    <OutputName>InputDeadband.1</OutputName>
    <OutputName>InputMax.1</OutputName>
    <OutputName>InputMin.1</OutputName>
    <OutputName>InputParameterName.1</OutputName>
    <OutputName>InputPrecision.1</OutputName>
    <OutputName>SlaveInputParameterName_CSV.1</OutputName>
    <OutputName>SlaveInputParameterOffset_CSV.1</OutputName>
    <OutputName>R2RMode</OutputName>
    <OutputName>RecLevel</OutputName>
    <OutputName>FBLevel</OutputName>
    <OutputName>BoundaryValueMaxCountToAbort</OutputName>
    <OutputName>FF</OutputName>
    <OutputName>FFOnOOC</OutputName>
    <OutputName>FFOnOOS</OutputName>
    <OutputName>FBOnOOC</OutputName>
    <OutputName>FBOnOOS</OutputName>
    <OutputName>ForceChildLotFF</OutputName>
    <OutputName>InvalidChildLot</OutputName>
    <OutputName>MaxQueueDays</OutputName>
    <OutputName>OOCMaxCountToAbort</OutputName>
    <OutputName>OOSMaxCountToAbort</OutputName>
    <OutputName>RecVsUsedOOLMaxCountToAbort</OutputName>
    <OutputName>ResetStatesAtPreTargetChange</OutputName>
    <OutputName>ResetStatesAtTargetChange</OutputName>
    <OutputName>StatesDuration</OutputName>
    <OutputName>UseProductContext</OutputName>
    <OutputName>UseRecipeContext</OutputName>
    <OutputName>ControllerQ_CSV</OutputName>
    <OutputName>ControllerR_CSV</OutputName>
    <OutputName>InputSize</OutputName>
    <OutputName>LifeTimeVIDChannel_CSV</OutputName>
    <OutputName>ModelValuesRow01_CSV</OutputName>
    <OutputName>ModelValuesRow02_CSV</OutputName>
    <OutputName>ModelValuesRow03_CSV</OutputName>
    <OutputName>ModelValuesRow04_CSV</OutputName>
    <OutputName>ModelValuesRow05_CSV</OutputName>
    <OutputName>ModelValuesRow06_CSV</OutputName>
    <OutputName>ModelValuesRow07_CSV</OutputName>
    <OutputName>ModelValuesRow08_CSV</OutputName>
    <OutputName>ModelValuesRow09_CSV</OutputName>
    <OutputName>ModelValuesRow10_CSV</OutputName>
    <OutputName>OutputSize</OutputName>
    <OutputName>VIDIndexForPM</OutputName>
    <OutputValue>D</OutputValue>
    <OutputValue>1</OutputValue>
    <OutputValue>10</OutputValue>
    <OutputValue>12</OutputValue>
    <OutputValue>10</OutputValue>
    <OutputValue />
    <OutputValue />
    <OutputValue />
    <OutputValue />
    <OutputValue />
    <OutputValue />
    <OutputValue>1</OutputValue>
    <OutputValue>1</OutputValue>
    <OutputValue>0</OutputValue>
    <OutputValue>15</OutputValue>
    <OutputValue>5</OutputValue>
    <OutputValue>EB_STEP10_D_PT</OutputValue>
    <OutputValue>0.1</OutputValue>
    <OutputValue />
    <OutputValue />
    <OutputValue>Active</OutputValue>
    <OutputValue>WL</OutputValue>
    <OutputValue>W2W</OutputValue>
    <OutputValue>3</OutputValue>
    <OutputValue>true</OutputValue>
    <OutputValue>true</OutputValue>
    <OutputValue>true</OutputValue>
    <OutputValue>false</OutputValue>
    <OutputValue>false</OutputValue>
    <OutputValue>false</OutputValue>
    <OutputValue>false</OutputValue>
    <OutputValue>99999</OutputValue>
    <OutputValue>3</OutputValue>
    <OutputValue>3</OutputValue>
    <OutputValue>3</OutputValue>
    <OutputValue>true</OutputValue>
    <OutputValue>false</OutputValue>
    <OutputValue>30</OutputValue>
    <OutputValue>true</OutputValue>
    <OutputValue>true</OutputValue>
    <OutputValue>50000,50000,50000,50000,50000,50000,50000,50000,50000,50000</OutputValue>
    <OutputValue>1,1,1,1,1,1,1,1,1,1</OutputValue>
    <OutputValue>1</OutputValue>
    <OutputValue />
    <OutputValue>-50,0,0,0,0,0,0,0,0,0</OutputValue>
    <OutputValue>0,1,0,0,0,0,0,0,0,0</OutputValue>
    <OutputValue>0,0,1,0,0,0,0,0,0,0</OutputValue>
    <OutputValue>0,0,0,1,0,0,0,0,0,0</OutputValue>
    <OutputValue>0,0,0,0,1,0,0,0,0,0</OutputValue>
    <OutputValue>0,0,0,0,0,1,0,0,0,0</OutputValue>
    <OutputValue>0,0,0,0,0,0,1,0,0,0</OutputValue>
    <OutputValue>0,0,0,0,0,0,0,1,0,0</OutputValue>
    <OutputValue>0,0,0,0,0,0,0,0,1,0</OutputValue>
    <OutputValue>0,0,0,0,0,0,0,0,0,1</OutputValue>
    <OutputValue>1</OutputValue>
    <OutputValue>1</OutputValue>
  </structKeyBlockDataSerialize>
  <structKeyBlockDataSerialize>
    <KeyBlockInstanceId>0007 - Life Time Control--SMSC_R2R_CMP_MAIN_CalcRecipeSettings</KeyBlockInstanceId>
    <SubStrategyName>SMSC_R2R_CMP_MAIN_CalcRecipeSettings</SubStrategyName>
    <InputName>Event</InputName>
    <InputName>Product</InputName>
    <InputName>ProcessStage</InputName>
    <InputName>ProcessToolId</InputName>
    <InputName>ProcessRecipe</InputName>
    <InputName>ModelGroup</InputName>
    <InputName>LifeTimeVIDChannel</InputName>
    <InputName>LifeTimePeriod.1</InputName>
    <InputName>LifeTimeInputIndex.1</InputName>
    <InputName>LifeTimeA.1</InputName>
    <InputName>LifeTimeB.1</InputName>
    <InputName>LifeTimeC.1</InputName>
    <InputName>FabName</InputName>
    <InputName>VIDIndexForPM</InputName>
    <InputName>VIDIndex.1</InputName>
    <InputName>LifeTimeMax.1</InputName>
    <InputName>VIDChannels_Receive.1</InputName>
    <InputName>VIDValues_Receive.1</InputName>
    <InputValue>JobPrep</InputValue>
    <InputValue>PROD_CMP_T016</InputValue>
    <InputValue>STAGE_CMP_T016</InputValue>
    <InputValue>EQP_CMP_T016</InputValue>
    <InputValue>PPID_CMP_T016</InputValue>
    <InputValue>A</InputValue>
    <InputValue />
    <InputValue />
    <InputValue>1</InputValue>
    <InputValue />
    <InputValue />
    <InputValue />
    <InputValue>SMIC</InputValue>
    <InputValue>1</InputValue>
    <InputValue />
    <InputValue />
    <InputValue>732</InputValue>
    <InputValue>12</InputValue>
    <OutputId>SubStrategyOutput</OutputId>
    <OutputName>PMDetected</OutputName>
    <OutputName>LifeTime</OutputName>
    <OutputName>LifeTimeOffsets.1</OutputName>
    <OutputName>LifeTimeOffsets.2</OutputName>
    <OutputName>LifeTimeOffsets.3</OutputName>
    <OutputName>LifeTimeOffsets.4</OutputName>
    <OutputName>LifeTimeOffsets.5</OutputName>
    <OutputName>LifeTimeOffsets.6</OutputName>
    <OutputName>LifeTimeOffsets.7</OutputName>
    <OutputName>LifeTimeOffsets.8</OutputName>
    <OutputName>LifeTimeOffsets.9</OutputName>
    <OutputName>LifeTimeOffsets.10</OutputName>
    <OutputName>LastLotStageLifeTime</OutputName>
    <OutputValue>false</OutputValue>
    <OutputValue>0</OutputValue>
    <OutputValue>0</OutputValue>
    <OutputValue>0</OutputValue>
    <OutputValue>0</OutputValue>
    <OutputValue>0</OutputValue>
    <OutputValue>0</OutputValue>
    <OutputValue>0</OutputValue>
    <OutputValue>0</OutputValue>
    <OutputValue>0</OutputValue>
    <OutputValue>0</OutputValue>
    <OutputValue>0</OutputValue>
    <OutputValue>0</OutputValue>
  </structKeyBlockDataSerialize>
  <structKeyBlockDataSerialize>
    <KeyBlockInstanceId>0007 - Life Time Control--SMSC_R2R_CMP_MAIN_CalcRecipeSettings</KeyBlockInstanceId>
    <SubStrategyName>SMSC_R2R_CMP_MAIN_CalcRecipeSettings</SubStrategyName>
    <InputName>Event</InputName>
    <InputName>Product</InputName>
    <InputName>ProcessStage</InputName>
    <InputName>ProcessToolId</InputName>
    <InputName>ProcessRecipe</InputName>
    <InputName>ModelGroup</InputName>
    <InputName>LifeTimeVIDChannel</InputName>
    <InputName>LifeTimePeriod.1</InputName>
    <InputName>LifeTimeInputIndex.1</InputName>
    <InputName>LifeTimeA.1</InputName>
    <InputName>LifeTimeB.1</InputName>
    <InputName>LifeTimeC.1</InputName>
    <InputName>FabName</InputName>
    <InputName>VIDIndexForPM</InputName>
    <InputName>VIDIndex.1</InputName>
    <InputName>LifeTimeMax.1</InputName>
    <InputName>VIDChannels_Receive.1</InputName>
    <InputName>VIDValues_Receive.1</InputName>
    <InputValue>JobPrep</InputValue>
    <InputValue>PROD_CMP_T016</InputValue>
    <InputValue>STAGE_CMP_T016</InputValue>
    <InputValue>EQP_CMP_T016</InputValue>
    <InputValue>PPID_CMP_T016</InputValue>
    <InputValue>B</InputValue>
    <InputValue />
    <InputValue />
    <InputValue>1</InputValue>
    <InputValue />
    <InputValue />
    <InputValue />
    <InputValue>SMIC</InputValue>
    <InputValue>1</InputValue>
    <InputValue />
    <InputValue />
    <InputValue>732</InputValue>
    <InputValue>12</InputValue>
    <OutputId>SubStrategyOutput</OutputId>
    <OutputName>PMDetected</OutputName>
    <OutputName>LifeTime</OutputName>
    <OutputName>LifeTimeOffsets.1</OutputName>
    <OutputName>LifeTimeOffsets.2</OutputName>
    <OutputName>LifeTimeOffsets.3</OutputName>
    <OutputName>LifeTimeOffsets.4</OutputName>
    <OutputName>LifeTimeOffsets.5</OutputName>
    <OutputName>LifeTimeOffsets.6</OutputName>
    <OutputName>LifeTimeOffsets.7</OutputName>
    <OutputName>LifeTimeOffsets.8</OutputName>
    <OutputName>LifeTimeOffsets.9</OutputName>
    <OutputName>LifeTimeOffsets.10</OutputName>
    <OutputName>LastLotStageLifeTime</OutputName>
    <OutputValue>false</OutputValue>
    <OutputValue>0</OutputValue>
    <OutputValue>0</OutputValue>
    <OutputValue>0</OutputValue>
    <OutputValue>0</OutputValue>
    <OutputValue>0</OutputValue>
    <OutputValue>0</OutputValue>
    <OutputValue>0</OutputValue>
    <OutputValue>0</OutputValue>
    <OutputValue>0</OutputValue>
    <OutputValue>0</OutputValue>
    <OutputValue>0</OutputValue>
    <OutputValue>0</OutputValue>
  </structKeyBlockDataSerialize>
  <structKeyBlockDataSerialize>
    <KeyBlockInstanceId>0007 - Life Time Control--SMSC_R2R_CMP_MAIN_CalcRecipeSettings</KeyBlockInstanceId>
    <SubStrategyName>SMSC_R2R_CMP_MAIN_CalcRecipeSettings</SubStrategyName>
    <InputName>Event</InputName>
    <InputName>Product</InputName>
    <InputName>ProcessStage</InputName>
    <InputName>ProcessToolId</InputName>
    <InputName>ProcessRecipe</InputName>
    <InputName>ModelGroup</InputName>
    <InputName>LifeTimeVIDChannel</InputName>
    <InputName>LifeTimePeriod.1</InputName>
    <InputName>LifeTimeInputIndex.1</InputName>
    <InputName>LifeTimeA.1</InputName>
    <InputName>LifeTimeB.1</InputName>
    <InputName>LifeTimeC.1</InputName>
    <InputName>FabName</InputName>
    <InputName>VIDIndexForPM</InputName>
    <InputName>VIDIndex.1</InputName>
    <InputName>LifeTimeMax.1</InputName>
    <InputName>VIDChannels_Receive.1</InputName>
    <InputName>VIDValues_Receive.1</InputName>
    <InputValue>JobPrep</InputValue>
    <InputValue>PROD_CMP_T016</InputValue>
    <InputValue>STAGE_CMP_T016</InputValue>
    <InputValue>EQP_CMP_T016</InputValue>
    <InputValue>PPID_CMP_T016</InputValue>
    <InputValue>C</InputValue>
    <InputValue />
    <InputValue />
    <InputValue>1</InputValue>
    <InputValue />
    <InputValue />
    <InputValue />
    <InputValue>SMIC</InputValue>
    <InputValue>1</InputValue>
    <InputValue />
    <InputValue />
    <InputValue>732</InputValue>
    <InputValue>12</InputValue>
    <OutputId>SubStrategyOutput</OutputId>
    <OutputName>PMDetected</OutputName>
    <OutputName>LifeTime</OutputName>
    <OutputName>LifeTimeOffsets.1</OutputName>
    <OutputName>LifeTimeOffsets.2</OutputName>
    <OutputName>LifeTimeOffsets.3</OutputName>
    <OutputName>LifeTimeOffsets.4</OutputName>
    <OutputName>LifeTimeOffsets.5</OutputName>
    <OutputName>LifeTimeOffsets.6</OutputName>
    <OutputName>LifeTimeOffsets.7</OutputName>
    <OutputName>LifeTimeOffsets.8</OutputName>
    <OutputName>LifeTimeOffsets.9</OutputName>
    <OutputName>LifeTimeOffsets.10</OutputName>
    <OutputName>LastLotStageLifeTime</OutputName>
    <OutputValue>false</OutputValue>
    <OutputValue>0</OutputValue>
    <OutputValue>0</OutputValue>
    <OutputValue>0</OutputValue>
    <OutputValue>0</OutputValue>
    <OutputValue>0</OutputValue>
    <OutputValue>0</OutputValue>
    <OutputValue>0</OutputValue>
    <OutputValue>0</OutputValue>
    <OutputValue>0</OutputValue>
    <OutputValue>0</OutputValue>
    <OutputValue>0</OutputValue>
    <OutputValue>0</OutputValue>
  </structKeyBlockDataSerialize>
  <structKeyBlockDataSerialize>
    <KeyBlockInstanceId>0007 - Life Time Control--SMSC_R2R_CMP_MAIN_CalcRecipeSettings</KeyBlockInstanceId>
    <SubStrategyName>SMSC_R2R_CMP_MAIN_CalcRecipeSettings</SubStrategyName>
    <InputName>Event</InputName>
    <InputName>Product</InputName>
    <InputName>ProcessStage</InputName>
    <InputName>ProcessToolId</InputName>
    <InputName>ProcessRecipe</InputName>
    <InputName>ModelGroup</InputName>
    <InputName>LifeTimeVIDChannel</InputName>
    <InputName>LifeTimePeriod.1</InputName>
    <InputName>LifeTimeInputIndex.1</InputName>
    <InputName>LifeTimeA.1</InputName>
    <InputName>LifeTimeB.1</InputName>
    <InputName>LifeTimeC.1</InputName>
    <InputName>FabName</InputName>
    <InputName>VIDIndexForPM</InputName>
    <InputName>VIDIndex.1</InputName>
    <InputName>LifeTimeMax.1</InputName>
    <InputName>VIDChannels_Receive.1</InputName>
    <InputName>VIDValues_Receive.1</InputName>
    <InputValue>JobPrep</InputValue>
    <InputValue>PROD_CMP_T016</InputValue>
    <InputValue>STAGE_CMP_T016</InputValue>
    <InputValue>EQP_CMP_T016</InputValue>
    <InputValue>PPID_CMP_T016</InputValue>
    <InputValue>D</InputValue>
    <InputValue />
    <InputValue />
    <InputValue>1</InputValue>
    <InputValue />
    <InputValue />
    <InputValue />
    <InputValue>SMIC</InputValue>
    <InputValue>1</InputValue>
    <InputValue />
    <InputValue />
    <InputValue>732</InputValue>
    <InputValue>12</InputValue>
    <OutputId>SubStrategyOutput</OutputId>
    <OutputName>PMDetected</OutputName>
    <OutputName>LifeTime</OutputName>
    <OutputName>LifeTimeOffsets.1</OutputName>
    <OutputName>LifeTimeOffsets.2</OutputName>
    <OutputName>LifeTimeOffsets.3</OutputName>
    <OutputName>LifeTimeOffsets.4</OutputName>
    <OutputName>LifeTimeOffsets.5</OutputName>
    <OutputName>LifeTimeOffsets.6</OutputName>
    <OutputName>LifeTimeOffsets.7</OutputName>
    <OutputName>LifeTimeOffsets.8</OutputName>
    <OutputName>LifeTimeOffsets.9</OutputName>
    <OutputName>LifeTimeOffsets.10</OutputName>
    <OutputName>LastLotStageLifeTime</OutputName>
    <OutputValue>false</OutputValue>
    <OutputValue>0</OutputValue>
    <OutputValue>0</OutputValue>
    <OutputValue>0</OutputValue>
    <OutputValue>0</OutputValue>
    <OutputValue>0</OutputValue>
    <OutputValue>0</OutputValue>
    <OutputValue>0</OutputValue>
    <OutputValue>0</OutputValue>
    <OutputValue>0</OutputValue>
    <OutputValue>0</OutputValue>
    <OutputValue>0</OutputValue>
    <OutputValue>0</OutputValue>
  </structKeyBlockDataSerialize>
  <structKeyBlockDataSerialize>
    <KeyBlockInstanceId>0015 - Update State Tracking Table--SMSC_R2R_CMP_MAIN_CalcRecipeSettings</KeyBlockInstanceId>
    <SubStrategyName>SMSC_R2R_CMP_MAIN_CalcRecipeSettings</SubStrategyName>
    <InputName>Product</InputName>
    <InputName>ProcessStage</InputName>
    <InputName>ProcessToolId</InputName>
    <InputName>ProcessRecipe</InputName>
    <InputName>CurrentModelGroup</InputName>
    <InputName>R2RMode</InputName>
    <InputName>LotType</InputName>
    <InputName>UseProductContext</InputName>
    <InputName>UseRecipeContext</InputName>
    <InputName>ConsCountOfUsingBoundaryValue</InputName>
    <InputName>States.1</InputName>
    <InputName>States.2</InputName>
    <InputName>States.3</InputName>
    <InputName>States.4</InputName>
    <InputName>States.5</InputName>
    <InputName>States.6</InputName>
    <InputName>States.7</InputName>
    <InputName>States.8</InputName>
    <InputName>States.9</InputName>
    <InputName>States.10</InputName>
    <InputName>States.11</InputName>
    <InputName>States.12</InputName>
    <InputName>States.13</InputName>
    <InputName>States.14</InputName>
    <InputName>States.15</InputName>
    <InputName>States.16</InputName>
    <InputName>States.17</InputName>
    <InputName>States.18</InputName>
    <InputName>States.19</InputName>
    <InputName>States.20</InputName>
    <InputName>LastResetTime</InputName>
    <InputName>ConsecutiveOOSCount</InputName>
    <InputName>ConsecutiveOOCCount</InputName>
    <InputName>LastStateUpdateTime</InputName>
    <InputName>ConsecutiveCountOfRecVsUsedOOL</InputName>
    <InputName>LastLotStageLifeTime</InputName>
    <InputName>GeneralOffsets.1</InputName>
    <InputName>GeneralOffsets.2</InputName>
    <InputName>GeneralOffsets.3</InputName>
    <InputName>GeneralOffsets.4</InputName>
    <InputName>GeneralOffsets.5</InputName>
    <InputName>GeneralOffsets.6</InputName>
    <InputName>GeneralOffsets.7</InputName>
    <InputName>GeneralOffsets.8</InputName>
    <InputName>GeneralOffsets.9</InputName>
    <InputName>GeneralOffsets.10</InputName>
    <InputName>LastPMTime</InputName>
    <InputName>ModelValuesRow01_CSV</InputName>
    <InputName>ModelValuesRow02_CSV</InputName>
    <InputName>ModelValuesRow03_CSV</InputName>
    <InputName>ModelValuesRow04_CSV</InputName>
    <InputName>ModelValuesRow05_CSV</InputName>
    <InputName>ModelValuesRow06_CSV</InputName>
    <InputName>ModelValuesRow07_CSV</InputName>
    <InputName>ModelValuesRow08_CSV</InputName>
    <InputName>ModelValuesRow09_CSV</InputName>
    <InputName>ModelValuesRow10_CSV</InputName>
    <InputName>PreTargets.1</InputName>
    <InputName>PreTargets.2</InputName>
    <InputName>PreTargets.3</InputName>
    <InputName>PreTargets.4</InputName>
    <InputName>PreTargets.5</InputName>
    <InputName>PreTargets.6</InputName>
    <InputName>PreTargets.7</InputName>
    <InputName>PreTargets.8</InputName>
    <InputName>PreTargets.9</InputName>
    <InputName>PreTargets.10</InputName>
    <InputName>PostTargets.1</InputName>
    <InputName>PostTargets.2</InputName>
    <InputName>PostTargets.3</InputName>
    <InputName>PostTargets.4</InputName>
    <InputName>PostTargets.5</InputName>
    <InputName>PostTargets.6</InputName>
    <InputName>PostTargets.7</InputName>
    <InputName>PostTargets.8</InputName>
    <InputName>PostTargets.9</InputName>
    <InputName>PostTargets.10</InputName>
    <InputName>ProcessRecValuesForNextLot_CSV</InputName>
    <InputName>IsModelReset</InputName>
    <InputName>PMDetected</InputName>
    <InputValue>PROD_CMP_T016</InputValue>
    <InputValue>STAGE_CMP_T016</InputValue>
    <InputValue>EQP_CMP_T016</InputValue>
    <InputValue>PPID_CMP_T016</InputValue>
    <InputValue>A</InputValue>
    <InputValue>Active</InputValue>
    <InputValue>Pi-Run</InputValue>
    <InputValue>true</InputValue>
    <InputValue>true</InputValue>
    <InputValue>0</InputValue>
    <InputValue>-500</InputValue>
    <InputValue>10</InputValue>
    <InputValue>10</InputValue>
    <InputValue>10</InputValue>
    <InputValue>10</InputValue>
    <InputValue>10</InputValue>
    <InputValue>10</InputValue>
    <InputValue>10</InputValue>
    <InputValue>10</InputValue>
    <InputValue>10</InputValue>
    <InputValue>1499.9985</InputValue>
    <InputValue>989.99901</InputValue>
    <InputValue>989.99901</InputValue>
    <InputValue>989.99901</InputValue>
    <InputValue>989.99901</InputValue>
    <InputValue>989.99901</InputValue>
    <InputValue>989.99901</InputValue>
    <InputValue>989.99901</InputValue>
    <InputValue>989.99901</InputValue>
    <InputValue>989.99901</InputValue>
    <InputValue>2018-12-23T11:13:58.1542045+08:00</InputValue>
    <InputValue>0</InputValue>
    <InputValue>0</InputValue>
    <InputValue>2018-12-23T11:13:58.1542045+08:00</InputValue>
    <InputValue>0</InputValue>
    <InputValue>0</InputValue>
    <InputValue>0</InputValue>
    <InputValue>0</InputValue>
    <InputValue>0</InputValue>
    <InputValue>0</InputValue>
    <InputValue>0</InputValue>
    <InputValue>0</InputValue>
    <InputValue>0</InputValue>
    <InputValue>0</InputValue>
    <InputValue>0</InputValue>
    <InputValue>0</InputValue>
    <InputValue>2018-12-23T11:13:58.1542045+08:00</InputValue>
    <InputValue>-50,0,0,0,0,0,0,0,0,0</InputValue>
    <InputValue>0,1,0,0,0,0,0,0,0,0</InputValue>
    <InputValue>0,0,1,0,0,0,0,0,0,0</InputValue>
    <InputValue>0,0,0,1,0,0,0,0,0,0</InputValue>
    <InputValue>0,0,0,0,1,0,0,0,0,0</InputValue>
    <InputValue>0,0,0,0,0,1,0,0,0,0</InputValue>
    <InputValue>0,0,0,0,0,0,1,0,0,0</InputValue>
    <InputValue>0,0,0,0,0,0,0,1,0,0</InputValue>
    <InputValue>0,0,0,0,0,0,0,0,1,0</InputValue>
    <InputValue>0,0,0,0,0,0,0,0,0,1</InputValue>
    <InputValue>2000</InputValue>
    <InputValue>0</InputValue>
    <InputValue>0</InputValue>
    <InputValue>0</InputValue>
    <InputValue>0</InputValue>
    <InputValue>0</InputValue>
    <InputValue>0</InputValue>
    <InputValue>0</InputValue>
    <InputValue>0</InputValue>
    <InputValue>0</InputValue>
    <InputValue>1000</InputValue>
    <InputValue>1000</InputValue>
    <InputValue>1000</InputValue>
    <InputValue>1000</InputValue>
    <InputValue>1000</InputValue>
    <InputValue>1000</InputValue>
    <InputValue>1000</InputValue>
    <InputValue>1000</InputValue>
    <InputValue>1000</InputValue>
    <InputValue>1000</InputValue>
    <InputValue>10,10,10,10,10,10,10,10,10,10</InputValue>
    <InputValue>true</InputValue>
    <InputValue>false</InputValue>
    <OutputId>SubStrategyOutput</OutputId>
    <OutputName>RetCode</OutputName>
    <OutputName>RetMsg</OutputName>
    <OutputValue>0</OutputValue>
    <OutputValue>Success.</OutputValue>
  </structKeyBlockDataSerialize>
  <structKeyBlockDataSerialize>
    <KeyBlockInstanceId>0015 - Update State Tracking Table--SMSC_R2R_CMP_MAIN_CalcRecipeSettings</KeyBlockInstanceId>
    <SubStrategyName>SMSC_R2R_CMP_MAIN_CalcRecipeSettings</SubStrategyName>
    <InputName>Product</InputName>
    <InputName>ProcessStage</InputName>
    <InputName>ProcessToolId</InputName>
    <InputName>ProcessRecipe</InputName>
    <InputName>CurrentModelGroup</InputName>
    <InputName>R2RMode</InputName>
    <InputName>LotType</InputName>
    <InputName>UseProductContext</InputName>
    <InputName>UseRecipeContext</InputName>
    <InputName>ConsCountOfUsingBoundaryValue</InputName>
    <InputName>States.1</InputName>
    <InputName>States.2</InputName>
    <InputName>States.3</InputName>
    <InputName>States.4</InputName>
    <InputName>States.5</InputName>
    <InputName>States.6</InputName>
    <InputName>States.7</InputName>
    <InputName>States.8</InputName>
    <InputName>States.9</InputName>
    <InputName>States.10</InputName>
    <InputName>States.11</InputName>
    <InputName>States.12</InputName>
    <InputName>States.13</InputName>
    <InputName>States.14</InputName>
    <InputName>States.15</InputName>
    <InputName>States.16</InputName>
    <InputName>States.17</InputName>
    <InputName>States.18</InputName>
    <InputName>States.19</InputName>
    <InputName>States.20</InputName>
    <InputName>LastResetTime</InputName>
    <InputName>ConsecutiveOOSCount</InputName>
    <InputName>ConsecutiveOOCCount</InputName>
    <InputName>LastStateUpdateTime</InputName>
    <InputName>ConsecutiveCountOfRecVsUsedOOL</InputName>
    <InputName>LastLotStageLifeTime</InputName>
    <InputName>GeneralOffsets.1</InputName>
    <InputName>GeneralOffsets.2</InputName>
    <InputName>GeneralOffsets.3</InputName>
    <InputName>GeneralOffsets.4</InputName>
    <InputName>GeneralOffsets.5</InputName>
    <InputName>GeneralOffsets.6</InputName>
    <InputName>GeneralOffsets.7</InputName>
    <InputName>GeneralOffsets.8</InputName>
    <InputName>GeneralOffsets.9</InputName>
    <InputName>GeneralOffsets.10</InputName>
    <InputName>LastPMTime</InputName>
    <InputName>ModelValuesRow01_CSV</InputName>
    <InputName>ModelValuesRow02_CSV</InputName>
    <InputName>ModelValuesRow03_CSV</InputName>
    <InputName>ModelValuesRow04_CSV</InputName>
    <InputName>ModelValuesRow05_CSV</InputName>
    <InputName>ModelValuesRow06_CSV</InputName>
    <InputName>ModelValuesRow07_CSV</InputName>
    <InputName>ModelValuesRow08_CSV</InputName>
    <InputName>ModelValuesRow09_CSV</InputName>
    <InputName>ModelValuesRow10_CSV</InputName>
    <InputName>PreTargets.1</InputName>
    <InputName>PreTargets.2</InputName>
    <InputName>PreTargets.3</InputName>
    <InputName>PreTargets.4</InputName>
    <InputName>PreTargets.5</InputName>
    <InputName>PreTargets.6</InputName>
    <InputName>PreTargets.7</InputName>
    <InputName>PreTargets.8</InputName>
    <InputName>PreTargets.9</InputName>
    <InputName>PreTargets.10</InputName>
    <InputName>PostTargets.1</InputName>
    <InputName>PostTargets.2</InputName>
    <InputName>PostTargets.3</InputName>
    <InputName>PostTargets.4</InputName>
    <InputName>PostTargets.5</InputName>
    <InputName>PostTargets.6</InputName>
    <InputName>PostTargets.7</InputName>
    <InputName>PostTargets.8</InputName>
    <InputName>PostTargets.9</InputName>
    <InputName>PostTargets.10</InputName>
    <InputName>ProcessRecValuesForNextLot_CSV</InputName>
    <InputName>IsModelReset</InputName>
    <InputName>PMDetected</InputName>
    <InputValue>PROD_CMP_T016</InputValue>
    <InputValue>STAGE_CMP_T016</InputValue>
    <InputValue>EQP_CMP_T016</InputValue>
    <InputValue>PPID_CMP_T016</InputValue>
    <InputValue>B</InputValue>
    <InputValue>Active</InputValue>
    <InputValue>Pi-Run</InputValue>
    <InputValue>true</InputValue>
    <InputValue>true</InputValue>
    <InputValue>0</InputValue>
    <InputValue>-500</InputValue>
    <InputValue>10</InputValue>
    <InputValue>10</InputValue>
    <InputValue>10</InputValue>
    <InputValue>10</InputValue>
    <InputValue>10</InputValue>
    <InputValue>10</InputValue>
    <InputValue>10</InputValue>
    <InputValue>10</InputValue>
    <InputValue>10</InputValue>
    <InputValue>1499.9985</InputValue>
    <InputValue>989.99901</InputValue>
    <InputValue>989.99901</InputValue>
    <InputValue>989.99901</InputValue>
    <InputValue>989.99901</InputValue>
    <InputValue>989.99901</InputValue>
    <InputValue>989.99901</InputValue>
    <InputValue>989.99901</InputValue>
    <InputValue>989.99901</InputValue>
    <InputValue>989.99901</InputValue>
    <InputValue>2018-12-23T11:13:58.1542045+08:00</InputValue>
    <InputValue>0</InputValue>
    <InputValue>0</InputValue>
    <InputValue>2018-12-23T11:13:58.1542045+08:00</InputValue>
    <InputValue>0</InputValue>
    <InputValue>0</InputValue>
    <InputValue>0</InputValue>
    <InputValue>0</InputValue>
    <InputValue>0</InputValue>
    <InputValue>0</InputValue>
    <InputValue>0</InputValue>
    <InputValue>0</InputValue>
    <InputValue>0</InputValue>
    <InputValue>0</InputValue>
    <InputValue>0</InputValue>
    <InputValue>0</InputValue>
    <InputValue>2018-12-23T11:13:58.1542045+08:00</InputValue>
    <InputValue>-50,0,0,0,0,0,0,0,0,0</InputValue>
    <InputValue>0,1,0,0,0,0,0,0,0,0</InputValue>
    <InputValue>0,0,1,0,0,0,0,0,0,0</InputValue>
    <InputValue>0,0,0,1,0,0,0,0,0,0</InputValue>
    <InputValue>0,0,0,0,1,0,0,0,0,0</InputValue>
    <InputValue>0,0,0,0,0,1,0,0,0,0</InputValue>
    <InputValue>0,0,0,0,0,0,1,0,0,0</InputValue>
    <InputValue>0,0,0,0,0,0,0,1,0,0</InputValue>
    <InputValue>0,0,0,0,0,0,0,0,1,0</InputValue>
    <InputValue>0,0,0,0,0,0,0,0,0,1</InputValue>
    <InputValue>2000</InputValue>
    <InputValue>0</InputValue>
    <InputValue>0</InputValue>
    <InputValue>0</InputValue>
    <InputValue>0</InputValue>
    <InputValue>0</InputValue>
    <InputValue>0</InputValue>
    <InputValue>0</InputValue>
    <InputValue>0</InputValue>
    <InputValue>0</InputValue>
    <InputValue>1000</InputValue>
    <InputValue>1000</InputValue>
    <InputValue>1000</InputValue>
    <InputValue>1000</InputValue>
    <InputValue>1000</InputValue>
    <InputValue>1000</InputValue>
    <InputValue>1000</InputValue>
    <InputValue>1000</InputValue>
    <InputValue>1000</InputValue>
    <InputValue>1000</InputValue>
    <InputValue>10,10,10,10,10,10,10,10,10,10</InputValue>
    <InputValue>true</InputValue>
    <InputValue>false</InputValue>
    <OutputId>SubStrategyOutput</OutputId>
    <OutputName>RetCode</OutputName>
    <OutputName>RetMsg</OutputName>
    <OutputValue>0</OutputValue>
    <OutputValue>Success.</OutputValue>
  </structKeyBlockDataSerialize>
  <structKeyBlockDataSerialize>
    <KeyBlockInstanceId>0015 - Update State Tracking Table--SMSC_R2R_CMP_MAIN_CalcRecipeSettings</KeyBlockInstanceId>
    <SubStrategyName>SMSC_R2R_CMP_MAIN_CalcRecipeSettings</SubStrategyName>
    <InputName>Product</InputName>
    <InputName>ProcessStage</InputName>
    <InputName>ProcessToolId</InputName>
    <InputName>ProcessRecipe</InputName>
    <InputName>CurrentModelGroup</InputName>
    <InputName>R2RMode</InputName>
    <InputName>LotType</InputName>
    <InputName>UseProductContext</InputName>
    <InputName>UseRecipeContext</InputName>
    <InputName>ConsCountOfUsingBoundaryValue</InputName>
    <InputName>States.1</InputName>
    <InputName>States.2</InputName>
    <InputName>States.3</InputName>
    <InputName>States.4</InputName>
    <InputName>States.5</InputName>
    <InputName>States.6</InputName>
    <InputName>States.7</InputName>
    <InputName>States.8</InputName>
    <InputName>States.9</InputName>
    <InputName>States.10</InputName>
    <InputName>States.11</InputName>
    <InputName>States.12</InputName>
    <InputName>States.13</InputName>
    <InputName>States.14</InputName>
    <InputName>States.15</InputName>
    <InputName>States.16</InputName>
    <InputName>States.17</InputName>
    <InputName>States.18</InputName>
    <InputName>States.19</InputName>
    <InputName>States.20</InputName>
    <InputName>LastResetTime</InputName>
    <InputName>ConsecutiveOOSCount</InputName>
    <InputName>ConsecutiveOOCCount</InputName>
    <InputName>LastStateUpdateTime</InputName>
    <InputName>ConsecutiveCountOfRecVsUsedOOL</InputName>
    <InputName>LastLotStageLifeTime</InputName>
    <InputName>GeneralOffsets.1</InputName>
    <InputName>GeneralOffsets.2</InputName>
    <InputName>GeneralOffsets.3</InputName>
    <InputName>GeneralOffsets.4</InputName>
    <InputName>GeneralOffsets.5</InputName>
    <InputName>GeneralOffsets.6</InputName>
    <InputName>GeneralOffsets.7</InputName>
    <InputName>GeneralOffsets.8</InputName>
    <InputName>GeneralOffsets.9</InputName>
    <InputName>GeneralOffsets.10</InputName>
    <InputName>LastPMTime</InputName>
    <InputName>ModelValuesRow01_CSV</InputName>
    <InputName>ModelValuesRow02_CSV</InputName>
    <InputName>ModelValuesRow03_CSV</InputName>
    <InputName>ModelValuesRow04_CSV</InputName>
    <InputName>ModelValuesRow05_CSV</InputName>
    <InputName>ModelValuesRow06_CSV</InputName>
    <InputName>ModelValuesRow07_CSV</InputName>
    <InputName>ModelValuesRow08_CSV</InputName>
    <InputName>ModelValuesRow09_CSV</InputName>
    <InputName>ModelValuesRow10_CSV</InputName>
    <InputName>PreTargets.1</InputName>
    <InputName>PreTargets.2</InputName>
    <InputName>PreTargets.3</InputName>
    <InputName>PreTargets.4</InputName>
    <InputName>PreTargets.5</InputName>
    <InputName>PreTargets.6</InputName>
    <InputName>PreTargets.7</InputName>
    <InputName>PreTargets.8</InputName>
    <InputName>PreTargets.9</InputName>
    <InputName>PreTargets.10</InputName>
    <InputName>PostTargets.1</InputName>
    <InputName>PostTargets.2</InputName>
    <InputName>PostTargets.3</InputName>
    <InputName>PostTargets.4</InputName>
    <InputName>PostTargets.5</InputName>
    <InputName>PostTargets.6</InputName>
    <InputName>PostTargets.7</InputName>
    <InputName>PostTargets.8</InputName>
    <InputName>PostTargets.9</InputName>
    <InputName>PostTargets.10</InputName>
    <InputName>ProcessRecValuesForNextLot_CSV</InputName>
    <InputName>IsModelReset</InputName>
    <InputName>PMDetected</InputName>
    <InputValue>PROD_CMP_T016</InputValue>
    <InputValue>STAGE_CMP_T016</InputValue>
    <InputValue>EQP_CMP_T016</InputValue>
    <InputValue>PPID_CMP_T016</InputValue>
    <InputValue>C</InputValue>
    <InputValue>Active</InputValue>
    <InputValue>Pi-Run</InputValue>
    <InputValue>true</InputValue>
    <InputValue>true</InputValue>
    <InputValue>0</InputValue>
    <InputValue>-500</InputValue>
    <InputValue>10</InputValue>
    <InputValue>10</InputValue>
    <InputValue>10</InputValue>
    <InputValue>10</InputValue>
    <InputValue>10</InputValue>
    <InputValue>10</InputValue>
    <InputValue>10</InputValue>
    <InputValue>10</InputValue>
    <InputValue>10</InputValue>
    <InputValue>1499.9985</InputValue>
    <InputValue>989.99901</InputValue>
    <InputValue>989.99901</InputValue>
    <InputValue>989.99901</InputValue>
    <InputValue>989.99901</InputValue>
    <InputValue>989.99901</InputValue>
    <InputValue>989.99901</InputValue>
    <InputValue>989.99901</InputValue>
    <InputValue>989.99901</InputValue>
    <InputValue>989.99901</InputValue>
    <InputValue>2018-12-23T11:13:58.1542045+08:00</InputValue>
    <InputValue>0</InputValue>
    <InputValue>0</InputValue>
    <InputValue>2018-12-23T11:13:58.1542045+08:00</InputValue>
    <InputValue>0</InputValue>
    <InputValue>0</InputValue>
    <InputValue>0</InputValue>
    <InputValue>0</InputValue>
    <InputValue>0</InputValue>
    <InputValue>0</InputValue>
    <InputValue>0</InputValue>
    <InputValue>0</InputValue>
    <InputValue>0</InputValue>
    <InputValue>0</InputValue>
    <InputValue>0</InputValue>
    <InputValue>0</InputValue>
    <InputValue>2018-12-23T11:13:58.1542045+08:00</InputValue>
    <InputValue>-50,0,0,0,0,0,0,0,0,0</InputValue>
    <InputValue>0,1,0,0,0,0,0,0,0,0</InputValue>
    <InputValue>0,0,1,0,0,0,0,0,0,0</InputValue>
    <InputValue>0,0,0,1,0,0,0,0,0,0</InputValue>
    <InputValue>0,0,0,0,1,0,0,0,0,0</InputValue>
    <InputValue>0,0,0,0,0,1,0,0,0,0</InputValue>
    <InputValue>0,0,0,0,0,0,1,0,0,0</InputValue>
    <InputValue>0,0,0,0,0,0,0,1,0,0</InputValue>
    <InputValue>0,0,0,0,0,0,0,0,1,0</InputValue>
    <InputValue>0,0,0,0,0,0,0,0,0,1</InputValue>
    <InputValue>2000</InputValue>
    <InputValue>0</InputValue>
    <InputValue>0</InputValue>
    <InputValue>0</InputValue>
    <InputValue>0</InputValue>
    <InputValue>0</InputValue>
    <InputValue>0</InputValue>
    <InputValue>0</InputValue>
    <InputValue>0</InputValue>
    <InputValue>0</InputValue>
    <InputValue>1000</InputValue>
    <InputValue>1000</InputValue>
    <InputValue>1000</InputValue>
    <InputValue>1000</InputValue>
    <InputValue>1000</InputValue>
    <InputValue>1000</InputValue>
    <InputValue>1000</InputValue>
    <InputValue>1000</InputValue>
    <InputValue>1000</InputValue>
    <InputValue>1000</InputValue>
    <InputValue>10,10,10,10,10,10,10,10,10,10</InputValue>
    <InputValue>true</InputValue>
    <InputValue>false</InputValue>
    <OutputId>SubStrategyOutput</OutputId>
    <OutputName>RetCode</OutputName>
    <OutputName>RetMsg</OutputName>
    <OutputValue>0</OutputValue>
    <OutputValue>Success.</OutputValue>
  </structKeyBlockDataSerialize>
  <structKeyBlockDataSerialize>
    <KeyBlockInstanceId>0015 - Update State Tracking Table--SMSC_R2R_CMP_MAIN_CalcRecipeSettings</KeyBlockInstanceId>
    <SubStrategyName>SMSC_R2R_CMP_MAIN_CalcRecipeSettings</SubStrategyName>
    <InputName>Product</InputName>
    <InputName>ProcessStage</InputName>
    <InputName>ProcessToolId</InputName>
    <InputName>ProcessRecipe</InputName>
    <InputName>CurrentModelGroup</InputName>
    <InputName>R2RMode</InputName>
    <InputName>LotType</InputName>
    <InputName>UseProductContext</InputName>
    <InputName>UseRecipeContext</InputName>
    <InputName>ConsCountOfUsingBoundaryValue</InputName>
    <InputName>States.1</InputName>
    <InputName>States.2</InputName>
    <InputName>States.3</InputName>
    <InputName>States.4</InputName>
    <InputName>States.5</InputName>
    <InputName>States.6</InputName>
    <InputName>States.7</InputName>
    <InputName>States.8</InputName>
    <InputName>States.9</InputName>
    <InputName>States.10</InputName>
    <InputName>States.11</InputName>
    <InputName>States.12</InputName>
    <InputName>States.13</InputName>
    <InputName>States.14</InputName>
    <InputName>States.15</InputName>
    <InputName>States.16</InputName>
    <InputName>States.17</InputName>
    <InputName>States.18</InputName>
    <InputName>States.19</InputName>
    <InputName>States.20</InputName>
    <InputName>LastResetTime</InputName>
    <InputName>ConsecutiveOOSCount</InputName>
    <InputName>ConsecutiveOOCCount</InputName>
    <InputName>LastStateUpdateTime</InputName>
    <InputName>ConsecutiveCountOfRecVsUsedOOL</InputName>
    <InputName>LastLotStageLifeTime</InputName>
    <InputName>GeneralOffsets.1</InputName>
    <InputName>GeneralOffsets.2</InputName>
    <InputName>GeneralOffsets.3</InputName>
    <InputName>GeneralOffsets.4</InputName>
    <InputName>GeneralOffsets.5</InputName>
    <InputName>GeneralOffsets.6</InputName>
    <InputName>GeneralOffsets.7</InputName>
    <InputName>GeneralOffsets.8</InputName>
    <InputName>GeneralOffsets.9</InputName>
    <InputName>GeneralOffsets.10</InputName>
    <InputName>LastPMTime</InputName>
    <InputName>ModelValuesRow01_CSV</InputName>
    <InputName>ModelValuesRow02_CSV</InputName>
    <InputName>ModelValuesRow03_CSV</InputName>
    <InputName>ModelValuesRow04_CSV</InputName>
    <InputName>ModelValuesRow05_CSV</InputName>
    <InputName>ModelValuesRow06_CSV</InputName>
    <InputName>ModelValuesRow07_CSV</InputName>
    <InputName>ModelValuesRow08_CSV</InputName>
    <InputName>ModelValuesRow09_CSV</InputName>
    <InputName>ModelValuesRow10_CSV</InputName>
    <InputName>PreTargets.1</InputName>
    <InputName>PreTargets.2</InputName>
    <InputName>PreTargets.3</InputName>
    <InputName>PreTargets.4</InputName>
    <InputName>PreTargets.5</InputName>
    <InputName>PreTargets.6</InputName>
    <InputName>PreTargets.7</InputName>
    <InputName>PreTargets.8</InputName>
    <InputName>PreTargets.9</InputName>
    <InputName>PreTargets.10</InputName>
    <InputName>PostTargets.1</InputName>
    <InputName>PostTargets.2</InputName>
    <InputName>PostTargets.3</InputName>
    <InputName>PostTargets.4</InputName>
    <InputName>PostTargets.5</InputName>
    <InputName>PostTargets.6</InputName>
    <InputName>PostTargets.7</InputName>
    <InputName>PostTargets.8</InputName>
    <InputName>PostTargets.9</InputName>
    <InputName>PostTargets.10</InputName>
    <InputName>ProcessRecValuesForNextLot_CSV</InputName>
    <InputName>IsModelReset</InputName>
    <InputName>PMDetected</InputName>
    <InputValue>PROD_CMP_T016</InputValue>
    <InputValue>STAGE_CMP_T016</InputValue>
    <InputValue>EQP_CMP_T016</InputValue>
    <InputValue>PPID_CMP_T016</InputValue>
    <InputValue>D</InputValue>
    <InputValue>Active</InputValue>
    <InputValue>Pi-Run</InputValue>
    <InputValue>true</InputValue>
    <InputValue>true</InputValue>
    <InputValue>0</InputValue>
    <InputValue>-500</InputValue>
    <InputValue>10</InputValue>
    <InputValue>10</InputValue>
    <InputValue>10</InputValue>
    <InputValue>10</InputValue>
    <InputValue>10</InputValue>
    <InputValue>10</InputValue>
    <InputValue>10</InputValue>
    <InputValue>10</InputValue>
    <InputValue>10</InputValue>
    <InputValue>1499.9985</InputValue>
    <InputValue>989.99901</InputValue>
    <InputValue>989.99901</InputValue>
    <InputValue>989.99901</InputValue>
    <InputValue>989.99901</InputValue>
    <InputValue>989.99901</InputValue>
    <InputValue>989.99901</InputValue>
    <InputValue>989.99901</InputValue>
    <InputValue>989.99901</InputValue>
    <InputValue>989.99901</InputValue>
    <InputValue>2018-12-23T11:13:58.1542045+08:00</InputValue>
    <InputValue>0</InputValue>
    <InputValue>0</InputValue>
    <InputValue>2018-12-23T11:13:58.1542045+08:00</InputValue>
    <InputValue>0</InputValue>
    <InputValue>0</InputValue>
    <InputValue>0</InputValue>
    <InputValue>0</InputValue>
    <InputValue>0</InputValue>
    <InputValue>0</InputValue>
    <InputValue>0</InputValue>
    <InputValue>0</InputValue>
    <InputValue>0</InputValue>
    <InputValue>0</InputValue>
    <InputValue>0</InputValue>
    <InputValue>0</InputValue>
    <InputValue>2018-12-23T11:13:58.1542045+08:00</InputValue>
    <InputValue>-50,0,0,0,0,0,0,0,0,0</InputValue>
    <InputValue>0,1,0,0,0,0,0,0,0,0</InputValue>
    <InputValue>0,0,1,0,0,0,0,0,0,0</InputValue>
    <InputValue>0,0,0,1,0,0,0,0,0,0</InputValue>
    <InputValue>0,0,0,0,1,0,0,0,0,0</InputValue>
    <InputValue>0,0,0,0,0,1,0,0,0,0</InputValue>
    <InputValue>0,0,0,0,0,0,1,0,0,0</InputValue>
    <InputValue>0,0,0,0,0,0,0,1,0,0</InputValue>
    <InputValue>0,0,0,0,0,0,0,0,1,0</InputValue>
    <InputValue>0,0,0,0,0,0,0,0,0,1</InputValue>
    <InputValue>2000</InputValue>
    <InputValue>0</InputValue>
    <InputValue>0</InputValue>
    <InputValue>0</InputValue>
    <InputValue>0</InputValue>
    <InputValue>0</InputValue>
    <InputValue>0</InputValue>
    <InputValue>0</InputValue>
    <InputValue>0</InputValue>
    <InputValue>0</InputValue>
    <InputValue>1000</InputValue>
    <InputValue>1000</InputValue>
    <InputValue>1000</InputValue>
    <InputValue>1000</InputValue>
    <InputValue>1000</InputValue>
    <InputValue>1000</InputValue>
    <InputValue>1000</InputValue>
    <InputValue>1000</InputValue>
    <InputValue>1000</InputValue>
    <InputValue>1000</InputValue>
    <InputValue>10,10,10,10,10,10,10,10,10,10</InputValue>
    <InputValue>true</InputValue>
    <InputValue>false</InputValue>
    <OutputId>SubStrategyOutput</OutputId>
    <OutputName>RetCode</OutputName>
    <OutputName>RetMsg</OutputName>
    <OutputValue>0</OutputValue>
    <OutputValue>Success.</OutputValue>
  </structKeyBlockDataSerialize>
</ArrayOfStructKeyBlockDataSerialize>